"posting.title","posting.company_name","posting.skills_desc","posting.description","posting.formatted_experience_level","posting.location"
"Software Engineer - Internal Platform","Baseten","Python, Go, Docker, Helm, Kubernetes, Terraform, Bazel, CI/CD","ABOUT BASETEN

Baseten powers inference for the world's most dynamic AI companies, like OpenEvidence, Clay, Mirage, Gamma, Sourcegraph, Writer, Abridge, Bland, and Zed. By uniting applied AI research, flexible infrastructure, and seamless developer tooling, we enable companies operating at the frontier of AI to bring cutting-edge models into production. With our recent $150M Series D funding, backed by investors including BOND, IVP, Spark Capital, Greylock, and Conviction, we’re scaling our team to meet accelerating customer demand.

THE ROLE

As an early member of Baseten's Platform Team, you will be pivotal in building internal infrastructure to support our engineering organization. While our product provides infrastructure for AI development, your focus will be on creating robust internal systems that amplify the productivity, collaboration, and quality of work across all engineering teams by providing exceptional tooling, efficient workflows, and robust development environments.

If you are passionate about elegant solutions—like streamlined monorepos, lightning-fast CI pipelines, and thoughtfully designed shared libraries—you'll thrive at Baseten.

RESPONSIBILITIES

Create diverse tooling tailored to the needs of different engineering teams.

Enhance monorepo capabilities and develop project templates for consistency and efficiency.

Design and implement shared libraries focused on observability.

Improve the speed, reliability, and comprehensiveness of our CI pipelines.

Assist in designing and maintaining Terraform modules for infrastructure management.

Provide innovative solutions to enhance visibility in continuous delivery (CD) processes.

Actively support engineering teams, ensuring they have the resources and tools necessary to remain productive.

REQUIREMENTS

Strong-level proficiency in Go and/or Python.

Experience with Kubernetes/Docker tooling (e.g., Helm, Docker, Kubernetes).

Experience managing and working with large monorepos. Bonus points for familiarity with tools such as Bazel, Pants, Moon, Turborepo, etc.

Advanced understanding of CI/CD concepts.

Excellent developer tool culture with a focus on best practices. Bonus points if you have personally developed open-source developer tools.

BENEFITS

Competitive compensation, including meaningful equity.

100% coverage of medical, dental, and vision insurance for employee and dependents

Generous PTO policy including company wide Winter Break (our offices are closed from Christmas Eve to New Year's Day!)

Paid parental leave

Company-facilitated 401(k)

Exposure to a variety of ML startups, offering unparalleled learning and networking opportunities.

Apply now to embark on a rewarding journey in shaping the future of AI! If you are a motivated individual with a passion for machine learning and a desire to be part of a collaborative and forward-thinking team, we would love to hear from you.

At Baseten, we are committed to fostering a diverse and inclusive workplace. We provide equal employment opportunities to all employees and applicants without regard to race, color, religion, gender, sexual orientation, gender identity or expression, national origin, age, genetic information, disability, or veteran status.","Entry level","San Francisco, New York, Remote"
"Software Engineer, New Grad - Infrastructure","Palantir Technologies","Java, Go, Typescript, Kubernetes, React, Redux, Gradle, Github, Envoy","A World-Changing Company

Palantir builds the world’s leading software for data-driven decisions and operations. By bringing the right data to the people who need it, our platforms empower our partners to develop lifesaving drugs, forecast supply chain disruptions, locate missing children, and more.

The Role

Software Engineers at Palantir drive large-scale transformation through data, AI and world-leading infrastructure that supports mission-critical workloads. In this role, you’ll have an opportunity to grow more quickly than you ever envisioned as you contribute high-quality code directly to:

• Rubix and Apollo, platforms deployed at the most important institutions across the public and private sectors
• Shaping Mission Manager, our new internal-infrastructure business line, used by advanced civil and defense agencies worldwide to power their infrastructure in highly sensitive environments
• Building the core capabilities used by advanced civil and defense agencies worldwide to power their infrastructure
• Providing the substrate on which Palantir deploys its other platforms, Foundry and Gotham, which power workflows for research scientists, aerospace engineers, intelligence analysts and economic forecasters

You’ll join our Production Infrastructure organization, made up of small teams of engineers working on:

• Environment Platform: a Kubernetes-based PaaS spanning hundreds of production clusters
• Apollo: secure, fleet-wide deployment and change-management for complex microservice suites
• Signals: our full suite of observability and alerting tools


Core Responsibilities

As a Software Engineer at Palantir, you’ll own every phase of the product lifecycle—from generating ideas and designing prototypes to executing features and shipping releases—while being paired with a dedicated mentor who champions your growth. You’ll work hand-in-hand with both technical and non-technical colleagues to uncover real customer problems and deliver solutions that address them. To gain firsthand insight, you might sit side-saddle at a military exercise or partner directly with vendors using Palantir’s Apollo & Rubix to put our software into the hands of warfighters and government workers.

SWE principles include:

• Ownership: We see projects through from beginning to end in spite of obstacles we may encounter.
• Collaboration: We work internally with people from a variety of backgrounds — such as other Software Engineers, Product Managers, Designers and Product Reliability Engineers. We also partner with our business development teams (Forward Deployed Engineers, Deployment Strategists) in order to understand and solve our customers' problems.
• Trust: We trust each other to effectively handle time and priorities, and don't micromanage. We want people to have the space to think for themselves, while feeling supported by their team.


Technologies We Use

It doesn’t matter what languages you know when you join us; what matters is that you can write clean, effective code and learn new languages quickly. Our software is constantly evolving, so we need engineers who can do the same. Alongside peers that bring diverse experience - whether you’re a former university Teaching Assistant, switched to computer science recently, or are a hackathon enthusiast — you'll build your skills to apply the best technology to solve a given problem. Right now, we use:

• A variety of languages, including Java and Go for backend and Typescript for frontend
• Open-source technologies like Kubernetes, Cilium, Envoy, Grafana, React, and Redux
• Industry-standard tooling, including Gradle and GitHub, and agentic tools like Windsurf & Cline
What We Value
Ability to communicate and collaborate with a variety of individuals, including engineers, users and non-technical team members.
Willingness to learn and make decisions independently, and the ability to ask questions effectively.
Active US Security clearance, or eligibility and willingness to obtain a US Security clearance.
What We Require
Engineering background in fields such as Computer Science, Mathematics, Software Engineering, and Physics.
Familiarity with data structures, storage systems, cloud infrastructure, front-end frameworks, and other technical tools.
Experience coding in programming languages, such as Java, C++, Python, JavaScript, or similar languages.
To apply, please submit the following:
An updated resume / CV - please do so in PDF format.
Thoughtful responses to our application questions.
Salary

The estimated salary range for this position is estimated to be $145,000 - $155,000/year. Total compensation for this position may also include Restricted Stock units, sign-on bonus and other potential future incentives. Further note that total compensation for this position will be determined by each individual’s relevant qualifications, work experience, skills, and other factors. This estimate excludes the value of any potential sign-on bonus; the value of any benefits offered; and the potential future value of any long-term incentives.

Our benefits aim to promote health and wellbeing across all areas of Palantirians’ lives. We work to continuously improve our offerings and listen to our community as we design and update them. The list below details our available benefits and some of the perks that can be enjoyed as an employee of Palantir Technologies.

Benefits

•  Employees (and their eligible dependents) can enroll in medical, dental, and vision insurance as well as voluntary life insurance
•  Employees are automatically covered by Palantir’s basic life, AD&D and disability insurance
•  Commuter benefits
•  Take what you need paid time off, not accrual based
•  2 weeks paid time off built into the end of each year (subject to team and business needs)
•  10 paid holidays throughout the calendar year
•  Supportive leave of absence program including time off for military service and medical events
•  Paid leave for new parents and subsidized back-up care for all parents
•  Fertility and family building benefits including but not limited to adoption, surrogacy, and preservation
•  Stipend to help with expenses that come with a new child
•  Employees can enroll in Palantir’s 401k plan

Life at Palantir

We want every Palantirian to achieve their best outcomes, that’s why we celebrate individuals’ strengths, skills, and interests, from your first interview to your longterm growth, rather than rely on traditional career ladders. Paying attention to the needs of our community enables us to optimize our opportunities to grow and helps ensure many pathways to success at Palantir. Promoting health and well-being across all areas of Palantirians’ lives is just one of the ways we’re investing in our community. Learn more at Life at Palantir and note that our offerings may vary by region.

In keeping consistent with Palantir’s values and culture, we believe employees are “better together” and in-person work affords the opportunity for more creative outcomes. Therefore, we encourage employees to work from our offices to foster connectivity and innovation. Many teams do offer hybrid options (WFH a day or two a week), allowing our employees to strike the right trade-off for their personal productivity. Based on business need, there are a few roles that allow for “Remote” work on an exceptional basis. If you are applying for one of these roles, you must work from the state in which you are employed. If the posting is specified as Onsite, you are required to work from an office.

If you want to empower the world's most important institutions, you belong here. Palantir values excellence regardless of background. We are proud to be an Equal Opportunity Employer for all, including but not limited to Veterans and those with disabilities. Palantir is committed to making the application and hiring process accessible to everyone and will provide a reasonable accommodation for those living with a disability. If you need an accommodation for the application or hiring process, please reach out and let us know how we can help.","Entry Level","Washington, D.C."
"Software Engineer – University Graduate (US)","Citadel","Python, Java, C++, Github","Job Description
At Citadel Securities, our engineers work in small teams to turn the best ideas into high-performing and resilient technology. With short development cycles, work rapidly goes into production. As an engineer, you can create systems architectures, develop platforms and build web frameworks. You’ll have access to state-of-the-art tools and apply innovative techniques including distributed computing, natural language processing, machine learning and more.
Your Objectives:
Create technological tools that bring trading strategies to life
Develop high-performance, large data research platforms
Work in small teams to build the future of finance
Your Skills & Talents:
Bachelor's, master's or PhD in Computer Science, Computer Engineering or related fields
Exceptional programming and design skills
Strong analytical skills and familiarity with probability and statistics
Ability to communicate effectively in a collaborative, complex and highly technical team environment
Intellectual curiosity and passion for solving challenging problems using technology
Opportunities available in Miami, New York.

In accordance with applicable law, the base salary range for this role is $200,000 to $250,000.
In addition, the employee who fills this role will be eligible to participate in a discretionary incentive compensation program, as well as a wide array of benefit programs, such as medical and life insurance, retirement and tax-free savings plans, and access to other healthcare programs.

About Citadel Securities
Citadel Securities is the next-generation capital markets firm and a leading global market maker. We provide institutional and retail investors with the liquidity they need to trade a broad array of equity and fixed income products in any market condition. The brightest minds in finance, science and technology use powerful, advanced analytics to solve the market’s most critical challenges, turning big ideas into real-world outcomes.

","Entry Level","Miami, New York"
"Graduate Software Engineer","Optiver","Java, Networking, Low-latency, Python, C++, Operating Systems, Computer Architecture","As a Graduate Software Engineer, your work is mission-critical at our firm. You will work on solutions that enable us to react to markets at lightning-fast speeds. Your work will be the magic behind the scenes, enabling our teams to make split-second decisions with precision and confidence. By working in an interdisciplinary manner and innovating and optimising code, you will keep our firm competitive in the ever-evolving capital markets.

What you’ll do

Your onboarding

You will participate in Optiver’s comprehensive Global Academy and be equipped with the knowledge needed to make an impact the moment you join your team. The comprehensive training covers trading theory and Optiver’s tech stack to hone your skills for your role. In addition, you will be paired with a dedicated mentor who will empower you to take ownership of your work and make a difference.

Your responsibilities

As a Graduate Software Engineer, you will work closely with best-in-class traders, researchers, risk analysts and other engineers to develop simple, well-architected solutions that meet the needs of our business. No one day is ever the same. You will gain and develop in-depth knowledge of engineering for the capital markets. Our collective passion to solve problems makes a direct impact on our business.

What you’ll get

You’ll join a culture of collaboration and excellence, where you’ll be surrounded by curious thinkers and creative problem solvers. Motivated by a passion for continuous improvement, you’ll thrive in a supportive, high-performing environment alongside talented colleagues, working collectively to tackle the toughest problems in the financial markets.

In addition, you’ll receive:

A performance-based bonus structure unmatched anywhere in the industry. We combine our profits across desks, teams and offices into a global profit pool
The opportunity to work alongside best-in-class professionals from over 40 different countries
25 paid vacation days and fully paid first-class commuting expenses
Training opportunities and discounts on health insurance
Extensive office perks, including breakfast and lunch, world-class barista coffee, sport and leisure activities, Friday afternoon drinks, and weekly in-house chair massages
Competitive relocation packages and visa sponsorship where necessary for expats
Who you are

Bachelor’s, Master’s or PhD degree in Computer Science, Computer Engineering or equivalent, with outstanding academic achievements
Graduating by 2026, or a maximum of 3 years work experience
Passionate about clean code, simple, well-architected systems, and continuous improvement
Proficient in industry-standard coding languages such as C++, Python, or Java, with a strong understanding of underlying computer architecture and system operations
A solid grasp of algorithms, memory and concurrency models, CPU-architecture, operating systems and relational databases
Have an entrepreneurial attitude and an interest in the financial industry
An analytical mindset and strong problem-solving skills
Able to work closely with other engineers, traders, and business operations","Entry Level","Chicago"
"Software Engineer (University Grad)","Meta","Java, Python, C++, JavaScript","100%
Resume Match
4 of 4 keywords
Want to build new features and improve existing products that more than a billion people around the world use? Are you interested in working on highly impactful technical challenges to help the world be more open and connected? Want to solve unique, large-scale, highly complex technical problems? Our development cycle is extremely fast, and we've built tools to keep it that way. It's common to write code and have it running live on the site just hours later. We push code to the site continuously and have small teams that build products that are touched by millions of people around the world. If you work for us, you will be able to make an impact immediately.
 
Meta is seeking Software Engineers to join our engineering team. You can help build the next-generation of systems behind Meta's products, create web applications that reach millions of people, build high volume servers and be a part of a team that’s working to help people connect with each other around the globe.
Software Engineer (University Grad) Responsibilities
Develop a strong understanding of relevant product area, codebase, and/or systems
Demonstrate proficiency in data analysis, programming and software engineering
Produce high quality code with good test coverage, using modern abstractions and frameworks
Work independently, use available resources to get unblocked, and complete tasks on-schedule by exercising strong judgement and problem solving skills
Master Meta’s development standards from developing to releasing code in order to take on tasks and projects with increasing levels of complexity
Actively seek and give feedback in alignment with Meta’s Performance Philosophy Preferred qualifications
Minimum Qualifications
Currently has, or is in the process of obtaining a Bachelor's degree in Computer Science, Computer Engineering, relevant technical field, or equivalent practical experience. Degree must be completed prior to joining Meta
Experience coding in an industry-standard language (e.g. Java, Python, C++, JavaScript)
Must obtain work authorization in country of employment at the time of hire, and maintain ongoing work authorization during employment
Preferred Qualifications
Demonstrated software engineering experience from previous internship, work experience, coding competitions, or publications
Currently has, or is in the process of obtaining, a Bachelors or Masters degree in Computer Science or a related field
About Meta
Meta builds technologies that help people connect, find communities, and grow businesses. When Facebook launched in 2004, it changed the way people connect. Apps like Messenger, Instagram and WhatsApp further empowered billions around the world. Now, Meta is moving beyond 2D screens toward immersive experiences like augmented and virtual reality to help build the next evolution in social technology. People who choose to build their careers by building with us at Meta help shape a future that will take us beyond what digital connection makes possible today—beyond the constraints of screens, the limits of distance, and even the rules of physics.","Entry Level","Menlo Park, CA"
"Software Engineer, University Graduate","Google","C, C++, Java, Python, Unix, Linux","Google's software engineers develop the next-generation technologies that change how billions of users connect, explore, and interact with information and one another. Our products need to handle information at massive scale, and extend well beyond web search. We're looking for engineers who bring fresh ideas from all areas, including information retrieval, distributed computing, large-scale system design, networking and data storage, security, artificial intelligence, natural language processing, UI design and mobile; the list goes on and is growing every day. As a software engineer, you will work on a specific project critical to Google’s needs with opportunities to switch teams and projects as you and our fast-paced business grow and evolve. We need our engineers to be versatile, display leadership qualities and be enthusiastic to take on new problems across the full-stack as we continue to push technology forward.

As a key member of a small and versatile team, you design, test, deploy and maintain software solutions.

Google is an engineering company at heart. We hire people with a broad set of technical skills who are ready to take on some of technology's greatest challenges and make an impact on users around the world. At Google, engineers not only revolutionize search, they routinely work on scalability and storage solutions, large-scale applications and entirely new platforms for developers around the world. From Google Ads to Chrome, Android to YouTube, social to local, Google engineers are changing the world one technological achievement after another.

Responsibilities
Research, conceive, and develop software applications to extend and improve on Google's product offering.
Contribute to a wide variety of projects utilizing natural language processing, artificial intelligence, data compression, machine learning, and search technologies.
Collaborate on scalability issues involving access to data and information.
Solve challenges/problems that you are presented with.","Entry Level","Mountain View, CA"
"Graduate Software Engineer","IMC","Java, C++","Having the best technology drives our business. As a Software Engineer at IMC, you will drive the development of our cutting-edge trading algorithms. You will be responsible for spotting new opportunities, solving problems and developing innovative technologies. Software development here is innovative, pragmatic and fun, even as complexity grows.

YOUR CORE RESPONSIBILITIES:

Build and maintain our trading platform and software stack
Bring our trading strategies and technology platform to the next level
Collaborate with Traders, Quant Researchers and other Engineers both locally and globally
Develop expertise within the entire software development lifecycle
Learn new technologies and programming languages in a dynamic environment
YOUR SKILLS AND EXPERIENCE:

Current university student graduating between September 2025 – July 2026 that is pursuing a degree in Computer Science, Engineering, or a related technology field
Must have strong knowledge of algorithms and data structures
Proficiency in a programming language is required (Java or C++ preferred)
Strong analytical skills and interest in solving complex problems programmatically
Desire to interact and work closely with non-engineers in a dynamic environment
Interest in the Financial Markets; previous knowledge is NOT required
Must be available for full-time employment starting in February or August 2026
You may submit one application per role each year.  We strongly encourage you to focus on applying to a single role that best matches your skills and interests.  Though you may apply to multiple roles, please note that each application will be evaluated based on the specific criteria established for that particular role. If you have already applied for this position during the current recruitment season and were not selected, you may reapply when the next recruitment season begins in 2026.

The Base Salary range for the role is included below. Base salary is only one component of total compensation; all full-time, permanent positions are eligible for a discretionary bonus and benefits, including paid leave and insurance. Please visit Benefits - US | IMC Trading for more comprehensive information.","Entry Level","Chicago"
"Software Engineer - Recent College Graduate","Kikoff","Ruby, Rails, AWS, ReactJS, Vercel, Flutter","Software Engineer - Recent College Graduate job at Kikoff. San Francisco, CA.

Calling all new grad and junior software engineers who are looking for fast personal and career growth in consumer fintech. Skip the bureaucracy of a big company and work with a seasoned startup product and engineering team. We balance best practices from our experience in post-IPO companies with the familiar intuition that comes from pre-IPO zero-to-one work. Our mission is to create fair, effective, and simple financial pathways to help 100M Americans reach their financial goals. Investors include Lightspeed, Coatue and GGV. Founders are serial entrepreneurs who co-founded and served as C-suite executives at 3 FinTech unicorns.

Our backend is written in Ruby on Rails on AWS, using lots of vanilla infrastructure. Our frontend and mobile apps are written in ReactJS on Vercel and Flutter. Strong internships and general open-source experience are necessary, but familiarity with our particular stack is preferred.

About Kikoff:

Kikoff is a personal finance platform designed to help millions of underserved Americans achieve financial wellness. Our mission is to provide refreshingly fair, effective, and simple pathways for everyday people to meet their financial goals. We design financial products that simplify credit building so our users can reach their financial goals. Kikoff is a Series B company and has raised over $42 million in total funding. Investors include Portage Ventures, Lightspeed Venture Partners, GGV, Coatue, Core Innovation Capital, and basketball star Stephen Curry. Kikoff was founded in 2019 and is headquartered in San Francisco with an office in Reno.

Why Kikoff:

This is a consumer fintech startup, and you will be working with serial entrepreneurs who have built strong consumer brands and innovative products. We are backed by some of Silicon Valleys top VCs. We value extreme ownership, clear communication, a strong sense of craftsmanship, and the desire to create lasting work and work relationships. Yes, you can build an exciting business AND have real-life real-customer impact.

Medical, dental, and vision coverage - Kikoff covers the full cost of health insurance for the employee!

Stock Options

Flexible vacation policy to help you recharge

US salary range for this full-time position consists of base + equity + benefits

Visa sponsorship available: Kikoff is willing to provide sponsorship for H1-B visas and U.S. green cards for exceptional talent.

Compensation
$150K Offers Equity","Entry Level","San Francisco"
"Software Engineering","Blackrock","N/A","We build products and services to meet the needs of BlackRock and our clients. Our fintech culture and solutions help distinguish BlackRock as an industry leader in both asset management and innovative technologies. The team comprises software engineers, data scientists, data engineers, quant developers, DevOps engineers, product managers, business analysts, UX engineers, UX designers and more, all working to drive innovation in the financial services industry.

Teams you may be considered for:
It is possible that you may be evaluated for opportunities with teams other than those listed below.

Aladdin Engineering
Aladdin Engineering builds and runs the Aladdin product and platform for BlackRock and its external clients. The platform unifies the investment management process to enable scale, provide insights and support true business transformation. Aladdin Engineering is made up of product engineering, design and Aladdin platform engineering teams that are responsible for building and running Aladdin. Analysts who join select teams will participate in four 6-month assignments across various technology streams during a two-year rotational program. This will provide a breadth of experiences across teams, technologies and businesses.

Data Operations Engineering (DOE)
Data is at the heart of Aladdin, and increasingly, the ability to consume, store, analyze and gain insight from data has become a key component of our competitive advantage. DOE is responsible for the data ecosystem within BlackRock. Our goal is to build and maintain a leading-edge data platform that provides highly available, consistent data of the highest quality for all platform users, notably investors, operations teams and data scientists. We focus on evolving our platform to deliver exponential scale to the firm, powering the future growth of Aladdin.

Global Investment Operations (GIO) Engineering
GIO Engineering develops exception-based, business- and process-centric technology solutions that provide scale to operations teams globally. We work closely with business users in Wilmington to develop service-orientated workflows across GIO’s functional areas: Trading & Market Documentation, Transaction Management, Collateral Management, Payments, Corporate Actions, Cash & Asset Operations and Securities Lending Operations.

Separately Managed Accounts (SMA) Solutions Engineering
The SMA Solutions Engineering team is multi-disciplined and includes software engineers, data experts, quality assurance professionals and an in-house Salesforce team. Automation across the ecosystem allows our client-facing teams and portfolio managers to handle a large number of accounts with a high degree of personalization.

This function is known for:
Being passionate about technology and solving sophisticated problems
Coming from diverse industries and academic backgrounds
Using Gen AI at the core of all products to provide the best client experience
Developing in Java, Python, No-Sql/SQL databases, Kubernetes, Kafka, Docker, Angular, React, a host of languages and open-source technologies
Being comprised of technology leaders that unlock incremental innovation and drive fintech culture at BlackRock
Constantly learning more about the firm’s business, financial markets and products
What will you do as an Analyst?
Take emotional ownership of projects and develop at scale in the enterprise environment used by thousands of users
Work with senior engineers and have an immediate impact on the development of the Aladdin platform
Collaborate with users and the product team to design and implement new features
Use all that cool tech that you have heard about, like AzureML, Snowflake, Spark, Storm, Solr and more
Gain a broad understanding of the investment process and the capabilities of Aladdin
Express your resourcefulness by teaming up and joining firm-wide hackathons
Bring your authentic self to work and find your community through volunteering, employee and professional networks as well as everyday interactions
What capabilities are we looking for?
Intermediate programming skills in an OO language, e.g., Java, Python or JavaScript
Problem-solving skills
Technical curiosity
Interpersonal skills
Critical thinking
Adaptability
Tenacity
Teamwork
Interest in finance
Your learning and development will include:
During the Summer Internship Program, you will work within one technology stream while gaining wider exposure through networking, social events and project work.
Learning and development for an Analyst can vary depending on the specific team. However, you can take advantage of a range of opportunities for Analysts to learn and grow, such as training programs, mentorship and on-the-job learning","Entry Level","Atlanta, GA"
"Quantitative Technologist (Full-Time - C++ Developer)","Radix","C++","Please only apply to one of our Job Postings. At the bottom of the application questions below you'll have the option to indicate if there are any other roles here at Radix that you might be interested in. Please do not submit multiple applications for different positions.  

As a Quantitative Technologist, your goal is to enhance live trading systems, research infrastructure, and alpha generation through technology innovation. 
 
We leverage cutting-edge software and hardware (mostly with modern C++) to push production level code daily and evolve fully-automated strategies, alpha generation processes, live trading systems, and machine learning research and simulation infrastructure used to analyze petabytes of data. 
 
We provide starter projects that we know will add value to the firm, while encouraging exploration and independent projects to improve inefficiencies, propose iterations, and own significant processes and tools within your first few months. 
 
COMPENSATION – Competitive salary, plus quarterly bonus based on individual performance and contribution towards success of others and the firm.
 
Qualifications
 
We’re looking for highly analytical people who want to help build the research-driven trading firm of the future. And to do that, you’ll need the following qualities:

Persistent Drive to Improve - Do you have an innate desire to rise to the next level, even after great accomplishments?
Creative Problem Solving and Probabilistic Thinking - You must enjoy learning and implementing new concepts quickly, combining knowledge from different domains to create new ideas, and take a data-driven and probabilistic approach to testing and implementing new ideas.
Team Mindset - We want people who understand 1+1 > 2 and are as committed to making the team better through sharing ideas as they are driven to improve their individual performance.
Mental Flexibility & Self Awareness - You’ll have to frequently adapt based on new data, results, and feedback on your ideas and performance.
Orientation for Making Money - Although we value academic training, our work is not an academic exercise. We take a hacker’s approach to testing ideas, dropping projects that consume time without high upside, and focusing our next efforts on what will create the most value for the firm.
Software development skills to have or develop

Low-level computer languages like C or C++; awareness of strength in particular language and ability to solve more complex problems due to understanding nuances of the language
Understanding of data structures, algorithmic complexities, and numerical algorithms
Systems Architecture - knowledge and experience with distributed systems and communication
Software Architecture - knowledge and experience working with a large code base
Development Processes - experience delivering and deploying software in production environments","Entry Level","New York"
"Software Engineer, New Grad","Stripe","Rest APIs, Java, Ruby, JavaScript, Scala, and Go","Who we are
About Stripe
Stripe is a financial infrastructure platform for businesses. Millions of companies—from the world’s largest enterprises to the most ambitious startups—use Stripe to accept payments, grow their revenue, and accelerate new business opportunities. Our mission is to increase the GDP of the internet, and we have a staggering amount of work ahead. That means you have an unprecedented opportunity to put the global economy within everyone’s reach while doing the most important work of your career.

About the team
Stripe offers an interesting middle ground between joining a small startup and going to work for a multinational company. We have systems and processes optimized for early-career professionals. You will be in an environment that prizes rigor, discipline, and reliability—from our products, from our ways of working, and from our colleagues. You will learn how the best teams put together extremely reliable systems, and you will be responsible for operating these systems, with adequate backup when things get tough.

What you’ll do
As a company, we believe in end-to-end ownership of projects. For any given project, we have one person on point. While they don't necessarily have to do all the work themselves, it's their job to make sure all the work gets done. We launch betas and prototypes as early as we can. This helps ensure that we're building what users actually want. We contribute back to the community, often by building things we think are cool and by releasing open-source software.

Responsibilities
Work on cross-functional projects, directly collaborating with other engineers
Give meaningful feedback on code reviews and technical designs
Ensure that the systems your team operates continue running well and can scale to meet the needs of our users
Build the skills to own a project from beginning to end, learning project management and technical leadership skills
Who you are
We’re looking for someone who meets the minimum requirements to be considered for the role. If you meet these requirements, you are encouraged to apply. The preferred qualifications are a bonus, not a requirement.

Minimum requirements
A Bachelor’s or Master’s degree in computer science or a directly related field, obtained by summer 2026, or equivalent work experience
Some experience and familiarity with programming, either through side projects or classwork. We work mostly in Java, Ruby, JavaScript, Scala, and Go. We believe new programming languages can be learned if the fundamentals and general knowledge are present
Experience from either previous internships or working collaboratively on multi-person coding projects (in a university or professional setting)
Ability to learn unfamiliar systems and form an understanding of those systems, through independent research and working with a mentor and subject matter experts
Preferred qualifications
One or more areas of specialized knowledge balanced with general skills and knowledge, such as knowing more frontend technologies and, at a high level, how a service handles an HTTP request
Experience in code review practices, and an understanding of how to safely update production systems
Familiarity with navigating and managing work in large code bases
In-office expectations
Office-assigned Stripes in most of our locations are currently expected to spend at least 50% of the time in a given month in their local office or with users. This expectation may vary depending on role, team and location. For example, Stripes in our Bucharest, Romania site have an 80% in-office expectation, and those in Stripe Delivery Center roles in Mexico City, Mexico and Bengaluru, India work 100% from the office. Also, some teams have greater in-office attendance requirements, to appropriately support our users and workflows, which the hiring manager will discuss. This approach helps strike a balance between bringing people together for in-person collaboration and learning from each other, while supporting flexibility when possible.
Pay and benefits
The annual US base salary range for this role is $122,100 - $134,400. For sales roles, the range provided is the role’s On Target Earnings (""OTE"") range, meaning that the range includes both the sales commissions/sales bonuses target and annual base salary for the role. This salary range may be inclusive of several career levels at Stripe and will be narrowed during the interview process based on a number of factors, including the candidate’s experience, qualifications, and location. Applicants interested in this role and who are not located in the US may request the annual salary range for their location during the interview process.

Additional benefits for this role may include: equity, company bonus or sales commissions/bonuses; 401(k) plan; medical, dental, and vision benefits; and wellness stipends.","Entry Level","New York"
"Software Engineer","Jane Street","Python, OCaml","About the Position
We’re looking for Software Engineers who want to help us design and build the systems and tools that run the firm. You’ll find Software Engineers in all parts of Jane Street, solving real problems in critical areas ranging from trading desks to our accounting team, as well as building foundational infrastructure, whether that means implementing network monitoring or risk models. 

We are big believers in functional programming and, using OCaml, a statically -typed functional programming language, as our primary tool. More recently, Python has become a vital part of Jane Street’s research and trading work, acting as the go-to language for data analysis, visualization, and machine learning. 

Beyond our own environment, we also recognize the value of open source software, leveraging it in our daily work and releasing over a million lines of our own code as open source. We’re also always looking for ways to expand open source projects, and provide ongoing support to things like Mercurial, the OCaml compiler, and the OPAM package manager. That said, we’re interested in talented engineers with experience in any language—most of us came in with little to no practical experience in OCaml before we joined.

If you’d like to learn more, you can read about our interview process and meet some of our newest hires.

About You
We don’t expect you to have a background in functional programming, OCaml, Python, finance, or any other specific field—we’re looking for smart programmers who enjoy solving interesting problems. We’re more interested in how you think and learn than what you currently know. You should be:

A top-notch programmer with a love for technology
Intellectually curious, collaborative, and eager to learn
Humble and unafraid to ask questions and admit mistakes","Entry Level","New York"
"Software Developer","DRW","Python, C++","Our formula for success is to hire exceptional people, encourage their ideas and reward their results.

As a Software Developer, you will be an integral member of a dynamic team of technologists, quantitative researchers, and traders. Collaborating closely, you will contribute across the full technology stack tackling complex problems that require careful analysis and swift execution. 

We’re looking for individuals who are eager to learn, think critically, and deliver solutions that drive tangible impact. From day one, you will be entrusted with meaningful responsibility, supported by mentorship from experienced engineers, and participate in a rigorous training program designed to accelerate your growth in this role. 

At DRW, you’ll thrive in a fast-paced, collaborative environment that values innovation, adaptability, and excellence—providing the tools and opportunities to make a direct difference. 

How you will make an impact…

You will design, develop, test, and deploy proprietary software that powers fundamental aspects of our business, including: 
Scalable platforms for data visualization and analytics to drive deeper market insights 
Platforms enabling scenario modeling, portfolio development, and performance tracking 
Systems for accurate pricing and risk analytics of options, futures, and derivatives 
Real-time and historical risk analysis and trade monitoring systems 
Advanced data acquisition, integration, and storage systems for fundamental datasets 
Continuous analysis and tuning of system performance 
Collaboration with experienced teammates to deliver bespoke solutions balancing speed, functionality, and cost, enhancing our technology stack 
What you bring to the team…

You’ll join us with a strong technical foundation and the ability to collaborate effectively. Specifically, you bring: 

A degree in Computer Science, Physics, Mathematics, or a related engineering discipline, with graduation expected between December 2025 and June 2026 (Bachelor’s, Master’s, or PhD) 
Proficiency in modern Java software development 
Skills in multi-threading, API design and integration, data processing, and UI development 
A strong grasp of object-oriented design, data structures, and algorithms 
Solid programming fundamentals paired with clear logical thinking and effective communication 
The ability to clearly articulate and advocate for your ideas within a collaborative team environment 
DRW is a diversified trading firm with over 3 decades of experience bringing sophisticated technology and exceptional people together to operate in markets around the world.  We value autonomy and the ability to quickly pivot to capture opportunities, so we operate using our own capital and trading at our own risk. 

Headquartered in Chicago with offices throughout the U.S., Canada, Europe, and Asia, we trade a variety of asset classes including Fixed Income, ETFs, Equities, FX, Commodities and Energy across all major global markets. We have also leveraged our expertise and technology to expand into three non-traditional strategies: real estate, venture capital and cryptoassets. 

We operate with respect, curiosity and open minds. The people who thrive here share our belief that it’s not just what we do that matters–it's how we do it.  DRW is a place of high expectations, integrity, innovation and a willingness to challenge consensus.  

The annual base salary range for this position is $175,000 depending on the candidate’s experience, qualifications, and relevant skill set. The position is also eligible for an annual discretionary bonus.  In addition, DRW offers a comprehensive suite of employee benefits including group medical, pharmacy, dental and vision insurance, 401k (with discretionary employer match), short and long-term disability, life and AD&D insurance, health savings accounts, and flexible spending accounts.","Entry Level","Chicago"
"Software Engineer - New Grad","Tower Research","Python, C++","Tower Research Capital is a leading quantitative trading firm founded in 1998. Tower has built its business on a high-performance platform and independent trading teams. We have a 25+ year track record of innovation and a reputation for discovering unique market opportunities.

Tower is home to some of the world’s best systematic trading and engineering talent. We empower portfolio managers to build their teams and strategies independently while providing the economies of scale that come from a large, global organization. 

Engineers thrive at Tower while developing electronic trading infrastructure at a world class level. Our engineers solve challenging problems in the realms of low-latency programming, FPGA technology, hardware acceleration and machine learning. Our ongoing investment in top engineering talent and technology ensures our platform remains unmatched in terms of functionality, scalability and performance.

At Tower, every employee plays a role in our success. Our Business Support teams are essential to building and maintaining the platform that powers everything we do — combining market access, data, compute, and research infrastructure with risk management, compliance, and a full suite of business services. Our Business Support teams enable our trading and engineering teams to perform at their best.

At Tower, employees will find a stimulating, results-oriented environment where highly intelligent and motivated colleagues inspire each other to reach their greatest potential.

Responsibilities:

Optimizing systems by using network and systems programming, as well as other advanced techniques to minimize latency
Designing, building, and leveraging systems to collect, analyze, and visualize large amounts of data
Building data pipelines to capture reference and market data and developing systems that provide fast and easy access to them
Building trading systems for algo trading
Enhancing the efficiency of trading operations by developing (AI assisted) automation solutions and products
Qualifications:

A Bachelor's, Master's, or PhD degree in computer science or a related field
0-2 years of experience
Deep knowledge of programming concepts and object-oriented programming
Proficiency in C++
Knowledge of SQL and relational databases
Working knowledge of Linux
Strong problem-solving abilities and communication skills
The ability to manage multiple tasks in a fast-paced environment
A passion for new technologies and ideas
Past industry experience (a plus)
This position requires proficiency in both French and English, both spoken and written. English proficiency is required as the position involves regular interactions with international anglophone team members.
Tower’s headquarters are in the historic Equitable Building, right in the heart of NYC’s Financial District and our impact is global, with over a dozen offices around the world. 

At Tower, we believe work should be both challenging and enjoyable. That is why we foster a culture where smart, driven people thrive – without the egos. Our open concept workplace, casual dress code, and well-stocked kitchens reflect the value we place on a friendly, collaborative environment where everyone is respected, and great ideas win.

Our benefits include:

Generous paid time off policies
Savings plans and other financial wellness tools available in each region
Hybrid working opportunities
Free breakfast, lunch, and snacks daily 
In-office wellness experiences and reimbursement for select wellness expenses (e.g., gym, personal training and more) 
Company-sponsored sports teams and fitness events (JPM Corporate Challenge, Cycle for Survival, Wall Street Rides FAR and more)
Volunteer opportunities and charitable giving 
Social events, happy hours, treats, and celebrations throughout the year
Workshops and continuous learning opportunities
At Tower, you’ll find a collaborative and welcoming culture, a diverse team and a workplace that values both performance and enjoyment. No unnecessary hierarchy. No ego. Just great people doing great work – together.

Tower Research Capital is an equal opportunity employer.","Entry Level","New York"
"Junior Developer C++","Akuna Capital","C++","About Akuna

Akuna Capital is an innovative trading firm with a strong focus on collaboration, cutting-edge technology, data driven solutions and automation. We specialise in providing liquidity as an options market maker – meaning we are committed to providing competitive quotes that we are willing to both buy and sell. To do this successfully we design and implement our own low latency technologies, trading strategies and mathematical models. At Akuna we have a flat structure, where the best idea wins.

Our Founding Partners, including Andrew Killion, first conceptualized Akuna in their hometown of Sydney. They opened the firm’s first office in 2011 in the heart of the derivatives industry and the options capital of the world – Chicago. Today, Akuna is proud to operate from additional offices in Shanghai, Sydney, Singapore and London.

What you’ll do as a Junior Developer on the C++ Team at Akuna:

Akuna is looking for a Graduate C++ Developer to join our development team and contribute to building our proprietary trading systems. Our engineers use modern technologies and development approaches while owning the end to end delivery of projects. In this role you will:
Work on a range of high-performance and low-latency systems, ranging from exchange connectivity, trading algorithms, pricing, and automation.
Collaborate closely with colleagues from within the technology team and other departments including quant and trading to identify and deliver high impact projects.
Be responsible for the full software development life cycle from requirements analysis, design, development, testing, deployment, and post deployment reliability and performance.
Contribute innovative ideas and solutions to the team.
Qualities that make great candidates:
BS/MS/PhD in Computer Science, Engineering, or equivalent technical field
0-2 years' experience, must be graduating by Jul 2026 or prior
Familiarity with modern C++ development and best practices
Excellent communication and collaboration skills
Passion for building high quality software within a fast-moving environment
Familiarity with data structures, algorithms, and lower-level performance optimisation
Familiarity with multi-threaded and distributed systems
Willing to communicate in English at the technical interviews.","Entry Level","New York"
"College Graduates - Full-Time - Junior Software Engineer (2026)","Old Mission Capital","C++, Python, SQL, JavaScript, React","Old Mission is a global proprietary trading firm that leverages state-of-the-art technology and research to identify and execute profitable trading strategies across multiple asset classes around the world. Our offices in Chicago, New York, and London are all composed of naturally-curious individuals who thrive in a team environment and constantly strive for improvement.

Old Mission does not seek capital from outside investors, allowing us the flexibility to aggressively invest in our team members and keep them engaged in the firm’s growth.

About the Position

Our development program is geared for college graduates who want to work alongside our talented software engineers creating impactful solutions to further the firm’s market initiatives. Responsibilities include developing and supporting C++ based trading applications and tools. You will be given immediate responsibilities which will significantly contribute to the firm’s daily activities. In this role, you’ll have the opportunity to learn more about creative programming and the tools needed to support electronic trading. If you are looking to have an immediate contribution and would like to be part of building out our business, feel free to apply today! 

Required Skills

An undergraduate or an advanced degree in a quantitative field such as Computer Science, Engineering, or one of the hard sciences
Minimum 3.0 GPA
Knowledge of C++ and Python, SQL, JavaScript, React
Understanding of systems programming, data structures, and algorithms 
Familiarity working in a Linux environment
Strong analytical and problem solving skills
Great communication skills, both written and verbal
A strong work ethic and ability to adapt quickly in a fast-paced environment
Benefits and Perks
Fully paid Medical, Dental, Vision, Disability, and Life Insurance
Fully stocked kitchen; free breakfast and lunch every day on-site
Tuition Reimbursement Program
401(k) with employer match
Paid Vacation, Sick, and Parental leaves
Commuter and Flexible Spending Programs
Base Salary Range 

$145,000 - $175,000 - Salaries are based on numerous factors such as skills, experience, and education. Our compensation package also includes a discretionary bonus and a comprehensive benefits program for full-time employees. For more information, reach out to your recruiter. 

Old Mission is not accepting unsolicited resumes from any staffing/search firms. All resumes submitted by staffing/search firms to any employee at Old Mission via-email, the Internet or directly without a valid signed search agreement will be deemed the sole property of Old Mission, and no fee will be paid in the event the candidate is hired by Old Mission.","Entry Level","New York"
"Senior Software Engineer","TransMarketGroup","C++, Python, Bash, C#, Linux, SQL, network programming","Who We Are

Founded in 1980 as Aardvark Financial, TransMarket Group (TMG) is a privately held global markets proprietary trading firm in Chicago. We use next-generation technology to capture opportunities around the world and manage risk in financial markets. Our mission is to bless others through the services we provide and through the generous stewardship of the wealth we create.

TMG is a well-established and profitable business as a respected member of the global financial system for over 40 years, but also is like a startup because the potential of our group is at least one order of magnitude greater than what we are currently producing. We have an entrepreneurial culture and collaboratively develop our business with patience and discipline; we work hard, learn constantly, and relentlessly improve our expertise.

Description

Our Core Team designs and builds low latency systems that allow us to trade a diverse set of instruments across a wide range of Exchanges and ECN’s. Our systems try to hit the sweet spot between clean and understandable code, low latency performance, stable behavior, and zero error tolerance. The libraries you work on will become the engine of our firm’s strategies.

Responsibilities

Design and implement network connectivity, specialized container, market data, and execution libraries for our automated trading software platform
Tune and refine existing components to improve performance and increase stability
Work closely with our strategy teams to understand how they are consuming the libraries you write, so that you can anticipate and deliver future improvements
Develop and support production quality components using the libraries you’ve worked on to facilitate data collection and back testing of our trading strategies
Maintain existing applications and exchange connectivity
Tools: C++, Python, Bash, C#, Linux, SQL, network programming
Requirements

Master’s degree in Computer Science, Computer Engineering, Informatics, Bioinformatics, or Technology plus two years of experience in software engineering OR Bachelor’s degree in Computer Science, Computer Engineering, Informatics, Bioinformatics, or Technology plus five years of experience in software engineering
Must have previous experience with implementing exchange connectivity at any major Exchange
Experience working on or closely with an algorithmic trading strategy team is a plus, as is experience designing or working with systems designed to backtest trading strategies
Proficiency in C++, Multithreading, IPC, Automated testing and benchmarking, Low latency containers, Linux, OnLoad network stack
Python and/or Bash scripting, SQL, C#, CI/CD pipelines in Gitlab preferred
This position requires physical presence and is onsite (no remote work)","Mid-level","New York"
"AI Forward Deployed Engineer (Early Career)","Salesforce","Java, Python, LLM, AI","Description
Applications for this position will be accepted on an ongoing basis

About the Role

We are looking for the best and brightest college graduates to join our Agentforce Forward Deployed Engineer organization. This hybrid technologist and strategic partner role will personally drive transformative AI solutions by designing, developing, and directly implementing bespoke solutions leveraging our Agentforce platform and other cutting-edge technologies. The role demands technical mastery, problem-solving prowess, and a relentless focus on delivering tangible value in dynamic, real-world environments, from initial concept to successful deployment and ongoing optimization. As an Agentforce Forward Deployed Engineer, you'll be at the forefront of bringing cutting-edge AI solutions to our clients, rolling up your sleeves to make it happen. This isn't just about coding; it's about deeply understanding our customers' most complex problems and crafting, building, and delivering innovative, impactful solutions that leverage our Agentforce platform and beyond.

Your Impact

Drive Tangible Outcomes through Hands-On Implementation: Be responsible for the end-to-end technical delivery of AI solutions, personally writing code, configuring systems, and troubleshooting issues to ensure successful deployment and measurable business impact.
Remove Technical Blockers: Proactively identify and directly resolve complex technical challenges during all phases of solution delivery, from data integration to model deployment and agent orchestration. You'll be the go-to expert for unblocking progress.
Build Transformative AI Solutions: Design, develop, and personally implement high-quality, scalable production systems. A significant part of this will involve leveraging AI and Large Language Models (LLMs) to create intelligent agents and automate workflows, all built on top of the Salesforce platform.
Data Configuration & Integration: Take direct ownership of data from end-to-end. You'll design robust data models, hands-on build efficient processing pipelines, and establish seamless integration strategies to ingest, transform, and analyze complex datasets. Your work will ensure data is always ready and optimized for our AI applications.
Drive Agentforce Innovation: Become an expert in our innovative Agentforce platform. You'll directly push its capabilities to the limit, developing bespoke intelligent agents, automating intricate business processes, and crafting intuitive user experiences that deliver tangible value.
Become a Trusted Partner: Embed yourself with client teams to truly grasp their operational challenges and strategic goals. You'll translate these nuanced needs into clear, actionable technical requirements, building strong relationships as their primary technical advisor.
Conduct Deep-Dive Technical Debugging: Perform detailed analysis and debugging of complex system interactions, data flows, and AI model behaviors to optimize performance and ensure reliability.
Prototype and Iterate Rapidly: Quickly develop proofs-of-concept and minimum viable products, coding alongside client teams to demonstrate capabilities and gather feedback for iterative refinement.
Implement Best Practices: Directly apply engineering best practices for code quality, scalability, security, and maintainability across all deployed solutions.
Required Qualifications

Strong background in Computer Science or a related engineering discipline.
Academic, professional or internship experience working in a professional coding setting environment
Proficiency in one or more programming languages (e.g., JavaScript, Java, Python, Apex).
Proven track record of hands-on, end-to-end delivery of high-quality, scalable production solutions in a professional environment.
Hands-on experience building solutions with AI/LLM technologies, including integrating LLMs, applying AI orchestration frameworks, and prompt engineering techniques.
Strong experience in data modeling, processing, integration, and analytics, with demonstrable proficiency in data platforms (e.g., Salesforce Data Cloud, Snowflake, Databricks).
Direct experience with the Salesforce platform, including configuration, customization, and development.
Demonstrated entrepreneurship, a ""get-things-done"" attitude, and a focus on fast delivery.
Excellent collaboration and communication skills, both written and verbal.
Ability to travel 25-50% of the time, as needed to customer sites.
Preferred Qualifications

Experience with Salesforce Data Cloud and/or Agentforce platform.
Experience developing conversational AI solutions within regulated industries.
Experience with Apex and/or Python coding languages.
Prior customer-facing experience.
Salesforce platform certifications (e.g., Administrator, Platform Developer I, Architect).
Knowledgeable across Salesforce CRM (Service, Sales, and Marketing).
Experience with Salesforce Flows and Lightning Web Components (LWC).
For roles in San Francisco and Los Angeles: Pursuant to the San Francisco Fair Chance Ordinance and the Los Angeles Fair Chance Initiative for Hiring, Salesforce will consider for employment qualified applicants with arrest and conviction records.","Entry-level","Washington - Bellevue"
"University Grad | Software Engineer | Backend","Ramp","React,  Flask (Python), Elixir, AWS, RabbitMQ, PostgreSQL","About Ramp
At Ramp, we’re rethinking how modern finance teams function in the age of AI. We believe AI isn’t just the next big wave. It’s the new foundation for how business gets done. We’re investing in that future — and in the people bold enough to build it.

Ramp is a financial operations platform designed to save companies time and money. Our all-in-one solution combines payments, corporate cards, vendor management, procurement, travel booking, and automated bookkeeping with built-in intelligence to maximize the impact of every dollar and hour spent. More than 45,000 businesses, from family-owned farms to e-commerce giants to space startups, have saved $10B and 27.5M hours with Ramp. Founded in 2019, Ramp powers the fastest-growing corporate card and bill payment platform in America, and enables over $100 billion in purchases each year.

Ramp’s investors include Thrive Capital, Sands Capital, General Catalyst, Founders Fund, Khosla Ventures, Sequoia Capital, Greylock, and Redpoint, as well as over 100 angel investors who were founders or executives of leading companies. The Ramp team comprises talented leaders from leading financial services and fintech companies—Stripe, Affirm, Goldman Sachs, American Express, Mastercard, Visa, Capital One—as well as technology companies such as Meta, Uber, Netflix, Twitter, Dropbox, and Instacart.

Ramp has been named to Fast Company’s Most Innovative Companies list and LinkedIn’s Top U.S. Startups for more than 3 years, as well as the Forbes Cloud 100, CNBC Disruptor 50, and TIME Magazine’s 100 Most Influential Companies.

Explore our Engineering Blog & Emerging Talent Blog for insights into our tech and values!

About the Role
Ramp is, at its core, an engineering company, and is on a mission to build the best engineering team in the US! We are looking for frontend and full-stack engineering interns who are excited to be part of our early story and help us build a diverse and vibrant tech community. Our ideal candidate has a deep understanding of JavaScript, a passion for web performance, and can creatively come up with solutions to solve customer's needs. Our tech stack currently involves TypeScript, React, Vite, and Ryu, our in-house design system.

What You'll Do
Build performant, beautiful, and usable interfaces that solve for growing businesses with complex needs

Ship products and services in cross-functional teams

Work with sales and business teams to incorporate and productize customer feedback

Help establish engineering processes, tools, and systems that will allow us to scale the code base, productivity, and the team

What You'll Need
Graduating with a B.S. (or higher) in Computer Science or a related technical field; this role is ideal for a candidate with an expected graduation date in or around May 2026 given the deferred start date in Summer/Fall 2026

Proficiency in JavaScript, with a knack for getting the visuals right

Experience with one or more object-oriented programming languages

Track record of shipping high quality products and features or a portfolio of side projects

Ability to turn business and product ideas into engineering solutions

Desire to work in a fast-paced environment, continuously grow, and master your craft

Alignment with Ramp’s core values of enabling businesses to grow more by spending less

Nice to Haves
Proficiency in React v16+

Familiarity with or desire to learn our tech stack, which includes, but not limited to: Flask (Python), Elixir, AWS, RabbitMQ, PostgreSQL

Passion for, or curiosity to learn, financial technology

Compensation
The annual salary/OTE range for the target level for this role in NYC is $142,000 to $175,000 + target equity + benefits (including medical, dental, vision, and 401(k)","Entry Level","New York"
"Software Engineer, New Grad (2026)","Sentry","Python, JavaScript, Java","About Sentry
Bad software is everywhere, and we’re tired of it. Sentry is on a mission to help developers write better software faster so we can get back to enjoying technology.

With more than $217 million in funding and 100,000+ organizations that believe we’re on to something, we're building performance and error monitoring tools that help companies like Disney, Microsoft, and Atlassian spend less time fixing bugs and more time building products.

Sentry embraces a hybrid work model, with Mondays, Tuesdays, and Thursdays set as in-office anchor days to encourage meaningful collaboration. If you like to selfishly build things that make your digital life better, come help us build the next generation of software monitoring tools.

About the role
Sentry is looking for talented new graduates to join our growing Software Engineering teams. Engineers at Sentry are challenged to solve a range of technical problems: from building fast and delightful UIs for navigating millions of error and performance events, to architecting solutions that ingest, store, and index terabytes of data every day. As a Software Engineer, New Grad, you will be coached by a diverse team of multi-talented engineers and will directly impact a complex and growing codebase.

In this role you will
Work with a team (SDKs, Ingest, Game Developer Experience) to develop and extend the Sentry product by writing software in either Python, JavaScript, C, C++, Rust (or all)

Be responsible for full software development lifecycle - design, development, testing, and operating in production

Communicate effectively with other engineers in the same team, with other teams and with various other stakeholders (such as product managers)

Act on feedback, coaching, and mentorship from your manager and teammates

You’ll love this job if you
Want to actively use the product you're building (we dogfood Sentry every day)

Want to start your career at a high-growth startup

Want to join a modern software development team that iterates & ships code rapidly

Are excited at the opportunity to contribute to an open-source project every day

Qualifications
B.S. or higher in Computer Science (or similar degree program)

At least 1 previous internship or equivalent practical experience

Implementation skills with one or more general-purpose programming languages, e.g. Python, JavaScript, Java, etc.

Good knowledge of algorithms, data structures, and object-oriented design principles

Experience working with version control and unit testing

Please note the following:

This is a full-time position","Entry-level","New York"
"Software Engineer Graduate (Data Arch - AI/ML Infrastructure) - 2026 Start (BS/MS)","TikTok","Python, Recommendation Systems, C++","Responsibilities

Our Recommendation Architecture Team is responsible for building up and optimizing the architecture for our recommendation products to provide the most stable and best experience for our TikTok users. University graduates are important parts to our team with your fresh ideas and creative thoughts.

We are looking for talented individuals to join our team in 2026. As a graduate, you will get opportunities to pursue bold ideas, tackle complex challenges, and unlock limitless growth. Launch your career where inspiration is infinite at TikTok.

Successful candidates must be able to commit to an onboarding date by end of year 2026. Please state your availability and graduation date clearly in your resume.

Candidates can apply for a maximum of TWO positions and will be considered for jobs in the order you applied for. The application limit is applicable to TikTok and its affiliates' jobs globally. Applications will be reviewed on a rolling basis - we encourage you to apply early.


Responsibilities - What You'll Do
• Build and maintain high performance online services for TikTok recommendation system to support various types of products, such as For You Feed, E-commerce, Social, etc.
• Build extremely efficient and reliable data pipelines for candidates generation, profile generation, training examples generation, realtime online training, etc;
• Build globalized large-scale recommendation system;
• Design and develop high performance computing frameworks and storage systems.

Qualifications

Minimum Qualifications:
• BS/MS degree (or expected by 2026) in Computer Science, Machine Learning, Artificial Intelligence, or related fields.
• Research background in ML/AI, with a focus on inference optimization, model acceleration, or efficient ML systems.
• Experience in programming, included but not limited to, the following programming languages: C, C++, Java or Python.
• Problem-solving skills, self-driven learning mindset, and effective communication.

Preferred Qualifications:
• Demonstrated ability to translate research into practical system implementations.
• Experience (academic or practical) in areas such as recommendation systems, search, distributed systems, or big data processing.

Job Information

【For Pay Transparency】Compensation Description (Annually)

The base salary range for this position in the selected city is $118657 - $187200 annually.​

Compensation may vary outside of this range depending on a number of factors, including a candidate’s qualifications, skills, competencies and experience, and location. Base pay is one part of the Total Package that is provided to compensate and recognize employees for their work, and this role may be eligible for additional discretionary bonuses/incentives, and restricted stock units.​

Benefits may vary depending on the nature of employment and the country work location. Employees have day one access to medical, dental, and vision insurance, a 401(k) savings plan with company match, paid parental leave, short-term and long-term disability coverage, life insurance, wellbeing benefits, among others. Employees also receive 10 paid holidays per year, 10 paid sick days per year and 17 days of Paid Personal Time (prorated upon hire with increasing accruals by tenure).​

The Company reserves the right to modify or change these benefits programs at any time, with or without notice.​

For Los Angeles County (unincorporated) Candidates:​

Qualified applicants with arrest or conviction records will be considered for employment in accordance with all federal, state, and local laws including the Los Angeles County Fair Chance Ordinance for Employers and the California Fair Chance Act. Our company believes that criminal history may have a direct, adverse and negative relationship on the following job duties, potentially resulting in the withdrawal of the conditional offer of employment:​

1. Interacting and occasionally having unsupervised contact with internal/external clients and/or colleagues;​

2. Appropriately handling and managing confidential information including proprietary and trade secret information and access to information technology systems; and​

3. Exercising sound judgment.​

About TikTok

TikTok is the leading destination for short-form mobile video. At TikTok, our mission is to inspire creativity and bring joy. TikTok's global headquarters are in Los Angeles and Singapore, and we also have offices in New York City, London, Dublin, Paris, Berlin, Dubai, Jakarta, Seoul, and Tokyo.​

Why Join Us

Inspiring creativity is at the core of TikTok's mission. Our innovative product is built to help people authentically express themselves, discover and connect – and our global, diverse teams make that possible. Together, we create value for our communities, inspire creativity and bring joy - a mission we work towards every day.​

We strive to do great things with great people. We lead with curiosity, humility, and a desire to make impact in a rapidly growing tech company. Every challenge is an opportunity to learn and innovate as one team. We're resilient and embrace challenges as they come. By constantly iterating and fostering an ""Always Day 1"" mindset, we achieve meaningful breakthroughs for ourselves, our company, and our users. When we create and grow together, the possibilities are limitless. Join us.​

​

Diversity & Inclusion​

TikTok is committed to creating an inclusive space where employees are valued for their skills, experiences, and unique perspectives. Our platform connects people from across the globe and so does our workplace. At TikTok, our mission is to inspire creativity and bring joy. To achieve that goal, we are committed to celebrating our diverse voices and to creating an environment that reflects the many communities we reach. We are passionate about this and hope you are too.​

TikTok Accommodation

TikTok is committed to providing reasonable accommodations in our recruitment processes for candidates with disabilities, pregnancy, sincerely held religious beliefs or other reasons protected by applicable laws. If you need assistance or a reasonable accommodation, please reach out to us at https://tinyurl.com/RA-request","Entry-level"," San Jose"
"Campus Full Time 2026 - Software Developer","5 Rings","C++, Linux","About Five Rings

Five Rings is a proprietary trading firm founded with a vision of combining strategy, innovation and technology to succeed in today’s global markets. With offices in New York, Boca Raton, London and Amsterdam, Five Rings trades in various domestic and international markets, both established and esoteric. Our team constantly seeks new opportunities, analyzes their risks and rewards, and creates strategies and tools to capitalize on them.

We have an open culture and encourage the flow of knowledge and ideas between all areas of the firm.

About the Role

Five Rings gives responsibility immediately and recognizes contributors rapidly. New hires work closely with senior software engineers, traders, and quants developing trading software in C++ on Linux.


Application development includes implementing trading strategies, connecting to exchanges, designing trader-facing interfaces, and translating mathematical models into software code – all within a distributed system that spans the globe. If you can write great software as part of a team, and are comfortable both learning from and becoming a mentor, you’re likely to thrive here.

 

Annual Base Salary: $300,000. Total compensation packages are comprised of base salary and a discretionary bonus.

 

Applicants are able to apply to multiple positions, but we strongly encourage you to only apply to your top choice.","Entry-level","New York"
"Quantitative Software Engineer","DV Trading","SQL, NoSQL, Kafka, Docker, AirFlow, Luigi, Python/NumPy/Pandas","About Us:

Founded more than 15 years ago and headquartered in Chicago, the DV Group of financial services firms has grown to more than 350 people operating throughout North America and in Europe. Since spinning out of a large brokerage firm in 2016, DV Trading has rapidly scaled as an independent proprietary trading firm utilizing its own capital, trading strategies, and risk management methodologies to provide liquidity to worldwide financial markets and hedging opportunities to commodity producers and users. Now, DV group affiliates include two broker dealers, a cryptocurrency market making firm, and a bourgeoning investment adviser.

DV Commodities is a rapidly growing division that specializes in trading crude oil, refined products, natural gas, and related energy markets across US, Europe, and Asia. Our proprietary risk management and trading methodologies along with a strong ability to adapt to changing conditions has allowed DV Commodities to grow into one of the largest financial participants within the global energy complex.

 

Overview:

DV Trading, LLC is a proprietary trading firm with over 200 employees trading equites, fixed income, FX and commodity products. DV Commodities is a rapidly growing division that specializes in trading crude oil, refined products, natural gas, and other commodities across US, European, and Asian markets. Our combined risk management, world class technology, and human capital have enabled us to become one of the largest liquidity providers within the global energy complex.

We are looking for an experienced software developer to work with a small team responsible for development and daily operations of an event-based risk management, market data and pricing platform using modern and performant technologies. This effort is part of a greenfield project and the suitable candidate will be involved in the development of the overall trading system.

 

Responsibilities:

Work alongside other software engineers, traders, and quants to develop and expand our risk management and trading platform
Create scalable services for financial derivatives pricing and market data
Efficient storage and access scheme for data and reference data across all frequencies, including microstructure data
Building high-performance components for simulation and live trading
 

Requirements:

Bachelor’s degree or higher in CS, Engineering or other technical discipline
2+ years professional experience developing infrastructure for quantitative trading
Demonstrated ability to program in a scientific computing environment, preferably in Python/NumPy/Pandas
Experience working with distributed systems and large data sets
Strong knowledge of algorithms, design patterns, OOP, threading, multiprocessing, etc.
Experience with SQL, NoSQL, or tick databases
Experience working in a Unix environment and git
Familiarity with Kafka, Docker, AirFlow, Luigi
Strong communication skills in verbal and written English.
Domain knowledge in futures & swaps is a plus
 

Benefits 

Highly competitive compensation and bonus structure
Meritocratic environment with ample opportunity for growth
Blue Cross Blue Shield Medical PPO
Health Savings Account, MetLife Dental, MetLife Vision Coverage
Flex Spending Account
Employer paid life insurance
Optional Long-term Disability, and AD&D Insurance
Pre-Tax Parking and Transit
Casual work environment","Entry-level","New York"
"[2026] Software Engineer, Early Career","Roblox"," C#, Lua, Java, Go, Node.js, Ruby, Python, C++, or Swift.","Every day, tens of millions of people come to Roblox to explore, create, play, learn, and connect with friends in 3D immersive digital experiences– all created by our global community of developers and creators.

At Roblox, we’re building the tools and platform that empower our community to bring any experience that they can imagine to life. Our vision is to reimagine the way people come together, from anywhere in the world, and on any device. We’re on a mission to connect a billion people with optimism and civility, and looking for amazing talent to help us get there.

A career at Roblox means you’ll be working to shape the future of human interaction, solving unique technical challenges at scale, and helping to create safer, more civil shared experiences for everyone.

As an Early Career Software Engineer, you will be mentored by top engineers while contributing to impactful projects, gaining hands-on experience across the full development lifecycle, and directly influencing the future of our platform. Our world-class platform serves an extensive player base of millions of users every day, making this an outstanding chance to leave your mark.

As you apply, you can find more information about our process by signing up for Speak_. You'll gain access to our practice assessment, comprehensive guides, FAQs, and modules designed to help you ace the hiring process.

You Will:

Design, code, and test innovative features, navigating the full development lifecycle from initial design to production deployment.
Work closely with a diverse range of teams, including Design, Product, Data, QA, and DevOps, to deliver cohesive products and features.
Be mentored by top engineers and actively engaged in architectural discussions and system design.
Gain a deep understanding of our large-scale, distributed systems and contribute to their continuous evolution.
Investigate and experiment with cutting-edge technologies, like machine learning frameworks and large language models (LLMs), to solve complex problems and improve our engineering systems.
Actively participate in our team matching process, where you’ll have the opportunity work on innovative projects like Roblox’s search and discovery, economy ecosystem, game Engine, or infrastructure.
You Are:

Pursuing or possess an undergraduate/graduate degree in computer science, engineering, a related technical field, or an equivalent practical experience.
Familiar with software engineering concepts through school, internships, personal projects, or previous jobs.
Proficient in one or more programming languages such as C#, Lua, Java, Go, Node.js, Ruby, Python, C++, or Swift.
Able to thrive in ambiguous environments, quickly adapting to new challenges and developing proficiency in coding standards to solve complex problems.
Please note the Company may not be able to employ candidates who have United States work authorization related to certain U.S. visa categories, or support future H-1B sponsorship at this time. You may redact age, date of birth, and dates of attendance/graduation from your resume if you prefer.

For roles that are based at our headquarters in San Mateo, CA: The starting base pay for this position is as shown below. The actual base pay is dependent upon a variety of job-related factors such as professional background, training, work experience, location, business needs and market demand. Therefore, in some circumstances, the actual salary could fall outside of this expected range. This pay range is subject to change and may be modified in the future. All full-time employees are also eligible for equity compensation and for benefits as described on this page.

Annual Salary Range
$153,120—$153,120 USD","Entry-Level","San Mateo, CA"
"Quantitative Developer","Xantium","Python, C++","At Xantium, our Quantitative Developers build software and frameworks that power our quantitative trading.  Quantitative Developer responsibilities vary depending on the team and scope.  These individuals may have Research Engineer, Software Developer, or other titles at elsewhere.  The common thread for our Quantitative Developers is strong programming combined with quantitative acumen.


Projects for a Quantitative Developer may include:

Providing fast market data to a trading system
Building an integrated research and execution framework for fast predictors
Creating simulation and research frameworks in a cloud environment
Providing a robust research framework for a new asset class

Our tech stack is a blend of Python and C++ that runs both on-prem and in the cloud.


Compensation:  Quantitative Developers in New York can expect to earn $175,000 to $225,000+ base.  Total compensation for all Quantitative Developers also includes a large annual bonus which is guaranteed in year one and based on employee and firm performance thereafter.","Entry-level","New York"
"Algorithm Developer  – 2026 Grads","Hudson River Trading","Python, C++, Pandas, Numpy, Matlab","Algorithm Developers are responsible for building and maintaining the models that drive our trading. A typical day involves applying rigorous statistical analysis to vast quantities of market and financial data to produce predictive trading models. 

In this role, you will work alongside fellow Algorithm Developers and Software Engineers to research, develop, and test novel order execution and model training methods to increase trading efficiency. This will involve running models live on our high-performance trading infrastructure and analyzing daily performance to maintain ongoing profitability.

Profile

You are capable of working independently as well as part of a team
You can analyze and fix problems efficiently
You learn quickly and apply new skills effectively
 Qualifications

You are a full-time undergraduate or masters student in a quantitative discipline (math, physics, computer science, statistics, or a related program) who is eligible for full-time roles in 2026
Experience programming in Python and/or C++
Experience with statistical analysis, numerical programming, or machine learning in Python, Pandas/Numpy, R, and/or MATLAB
A passion for applying quantitative models and technology toward solving real-world problems
Brilliant analytical and problem-solving skills
Ability to work creatively and independently on long-term technical problems
Annual base salary of $300,000. Pay (base and bonus) may vary depending on job-related skills and experience. A sign-on and discretionary performance bonus will be provided as part of the total compensation package, in addition to company-paid medical and/or other benefits.

Culture

Hudson River Trading (HRT) brings a scientific approach to trading financial products. We have built one of the world's most sophisticated computing environments for research and development. Our researchers are at the forefront of innovation in the world of algorithmic trading.

At HRT we welcome a variety of expertise: mathematics and computer science, physics and engineering, media and tech. We’re a community of self-starters who are motivated by the excitement of being at the cutting edge of automation in every part of our organization—from trading, to business operations, to recruiting and beyond. We value openness and transparency, and celebrate great ideas from HRT veterans and new hires alike. At HRT we’re friends and colleagues – whether we are sharing a meal, playing the latest board game, or writing elegant code. We embrace a culture of togetherness that extends far beyond the walls of our office.

Feel like you belong at HRT? Our goal is to find the best people and bring them together to do great work in a place where everyone is valued. HRT is proud of our diverse staff; we have offices all over the globe and benefit from our varied and unique perspectives. HRT is an equal opportunity employer; so whoever you are we’d love to get to know you.","Entry-level","New York"
"Software Engineer - University","Databricks","Python, C++, Scala","t Databricks, we are passionate about enabling data teams to solve the world's toughest problems — from making the next mode of transportation a reality to accelerating the development of medical breakthroughs. We do this by building and running the world's best data and AI infrastructure platform so our customers can use deep data insights to improve their business. Founded by engineers — and customer obsessed — we leap at every opportunity to solve technical challenges, from designing next-gen UI/UX for interfacing with data to scaling our services and infrastructure across millions of virtual machines. And we're only getting started.

As a software engineer with a backend focus, you will work with your team to build infrastructure and products for the Databricks platform at scale.

The impact you'll have:

Our backend teams span many domains across our essential service platforms. For instance, you might work on challenges such as:

Problems that span from product to infrastructure including: distributed systems, at-scale service architecture and monitoring, workflow orchestration, and developer experience.
Deliver reliable and high performance services and client libraries for storing and accessing humongous amount of data on cloud storage backends, e.g., AWS S3, Azure Blob Store.
Build reliable, scalable services, e.g. Scala, Kubernetes, and data pipelines, e.g. Spark, Databricks, to power the pricing infrastructure that serves millions of cluster-hours per day and develop product features that empower customers to easily view and control platform usage.
What we look for:

BS (or higher) in Computer Science, or a related field
Experience in one of: Java, Scala, C++, or similar language.
Experience developing large-scale distributed systems.
Experience working on a SaaS platform or with Service-Oriented Architectures.
Good knowledge of SQL.
About Databricks

Databricks is the data and AI company. More than 10,000 organizations worldwide — including Comcast, Condé Nast, Grammarly, and over 50% of the Fortune 500 — rely on the Databricks Data Intelligence Platform to unify and democratize data, analytics and AI. Databricks is headquartered in San Francisco, with offices around the globe and was founded by the original creators of Lakehouse, Apache Spark™, Delta Lake and MLflow. To learn more, follow Databricks on Twitter, LinkedIn and Facebook.

Benefits

At Databricks, we strive to provide comprehensive benefits and perks that meet the needs of all of our employees. For specific details on the benefits offered in your region, please visit https://www.mybenefitsnow.com/databricks. ","entry-level","Mountain View, CA"
"Software Engineer, Autonomy - New Grad","Nuro","C++, Python","Who We Are 

Nuro exists to better everyday life through robotics. Founded in 2016, Nuro is a leading autonomous technology company with vehicles on road today in California and Texas. The company’s core technology is the Nuro Driver, an integrated autonomous driving system consisting of state-of-the-art, AI-first software and custom-built sense and compute hardware. The first commercial application of the Nuro Driver is autonomous goods delivery with our custom, electric, zero-occupant vehicles in partnership with some of the most recognized brands in the world including Uber and FedEx.

About the Role
Our software organization is growing and we are looking for talented engineers to join our autonomy team. As an autonomy engineer, you will work on challenging problems alongside a world-class team with a common real passion for advancing robotics to improve the human experience.

About the Work

Solve real world autonomy problems in one or more of the following areas: 
Machine learning and computer vision, including;
Perception tasks like detection, segmentation, tracking, classification and prediction across camera, lidar, radar and thermal data
Behavior tasks like prediction and planning
Techniques that allow us to scale data training, produce robust models and deploy them on the robot including active learning, semi- and self- supervised learning, model compression and architecture search, generative modeling
Robotics including system architecture, state estimation, multi-object target tracking and 3D reconstruction
Tools and processes to evaluate our system to make sure it is safe for deployment
Design novel algorithms and produce robust, well-tested C++ software
Work fast and smart, and collaborate well with other awesome team members
About You

You are a recent graduate or graduating soon (BS, MS or Phd) with focus on one or more of the areas listed above
You are a skilled algorithm designer with strong problem solving
You are a talented software developer ideally with experience in C++/Python
You have experience working with machine learning or autonomous systems
You have a knack and real passion for searching and solving hard problems
You are passionate about accelerating the benefits of robotics for everyday life
At Nuro, your base pay is one part of your total compensation package. For this position, the reasonably expected pay range is between $125,400 and $188,100 for the level at which this job has been scoped. Your base pay will depend on several factors, including your experience, qualifications, education, location, and skills. In the event that you are considered for a different level, a higher or lower pay range would apply. This position is also eligible for an annual performance bonus, equity, and a competitive benefits package.

At Nuro, we celebrate differences and are committed to a diverse workplace that fosters inclusion and psychological safety for all employees. Nuro is proud to be an equal opportunity employer and expressly prohibits any form of workplace discrimination based on race, color, religion, gender, sexual orientation, gender identity or expression, national origin, age, genetic information, disability, veteran status, or any other legally protected characteristics.

","entry-level","San Francisco"
"Quantitative Researcher","Belvedere Trading","Python, Jupyter","Belvedere Trading is a leading proprietary trading firm. We are a team driven by intellectual curiosity, seeking answers that will change not only how we trade in this technological age, but also the future landscape of the trading industry. 
Our traders provide liquidity to the market through their market-making activities and are the masters of a diverse set of commodities, interest rates, exchange-traded funds (ETF), and equity index options. Traders partner with our technologists to continually engineer and optimize our trading systems to stay on top of the industry. 

Our Quantitative Researchers are at the core of building a fully autonomous trading platform. They explore the structure and dynamics of global financial markets, leveraging data, automation, and mathematical modeling to uncover actionable insights. As part of a highly collaborative team, you’ll help build the systems and models that drive our algorithmic trading decisions. If you thrive in a fast-paced environment and are passionate about solving complex problems, we’d love to hear from you.
What you'll do
Conduct research and develop quantitative models for financial markets using advanced statistical and mathematical techniques
Embrace the uncertainty persistent in the marketplace to balance the risk-reward in each individual trade
Leverage concepts from control theory and feedback loops to enhance adaptive trading strategies
Analyze large datasets to uncover hidden patterns and inefficiencies in the market
Build and refine tools (e.g., in Python and Jupyter) to test, validate, and monitor your research and strategies
Work closely with engineers to implement models in a live trading environment
Continuously monitor and improve existing models based on market dynamics
Generate ideas for quantitative strategies related to market effects, market microstructure, and other subtle marketplace changes
Work closely with senior industry leaders as part of a small and focused team
What you'll need
2+ years of applicable corporate experience
Bachelor’s or Master’s degree in a quantitative discipline such as Applied Mathematics, Physics, Computer Science, Engineering, or Statistics
Strong problem-solving skills, especially in uncertain or incomplete-data environments
Solid programming ability in Python, especially for algorithmic development and data analysis
Interest in or exposure to control theory, feedback loops, or dynamical systems
A curious, analytical mindset with the ability to reason through complex systems and iterate quickly
Team-oriented attitude and excitement to work in a collaborative, fast-paced research environment
Exposure to reinforcement learning, Bayesian methods, or stochastic processes is a plus
Availability to work in a hybrid structure out of our Chicago or Boulder offices
$140,000 - $240,000 a year
Additionally, certain positions at Belvedere Trading are eligible for discretionary bonuses. Our employees have access to a variety of benefits, which can be found on our website here.","Entry-level","New York"
"Early Career Software Engineer","Anduril Industries","C++, Go, Rust, Java, and Python.","Anduril Industries is a defense technology company with a mission to transform U.S. and allied military capabilities with advanced technology. By bringing the expertise, technology, and business model of the 21st century's most innovative companies to the defense industry, Anduril is changing how military systems are designed, built and sold. Anduril's family of systems is powered by Lattice OS, an AI-powered operating system that turns thousands of data streams into a realtime, 3D command and control center. As the world enters an era of strategic competition, Anduril is committed to bringing cutting-edge autonomy, AI, computer vision, sensor fusion, and networking technology to the military in months, not years.

ABOUT THE JOB

We are looking for Software Engineers to join our rapidly growing team! We have positions open in Atlanta, GA. These roles are targeted to start on a quarterly basis beginning in 2026. We hire self-motivated people, those who hold a higher bar for themselves than anyone else could hold for them. If you are eager to solve tough problems, then this role might be for you!
WHAT YOU'LL DO

Support the software solutions that are deployed to customers and key stakeholders.
Write code to improve products and scale the mission capability to more customers.
Collaborate across multiple teams to plan, build, and test complex functionality.
Create and analyze metrics that are leveraged for debugging and monitoring.
Triage issues, root cause failures, and coordinate next-steps.
Work on real, meaningful projects and learn from experienced professionals along the way.
REQUIRED QUALIFICATIONS
Must be pursuing or have completed a Bachelor's or Master's degree in Computer Science, Computer/Software Engineering, Mathematics, Physics, or a related field.
3 months - 2 years of technical work to include technical internship and able to start full time in 2026.
Familiarity with algorithms, data structures, storage systems, cloud infrastructure, front-end frameworks, and other technical tools.
Proficiency in a variety of programming languages such as C++, Go, Rust, Java, and Python.
A desire to work on software and applications that have real-world impact.
Must be a U.S. Person due to required access to U.S. export controlled information or facilities; U.S. clearance eligibility may be required depending on program.
PREFERRED QUALIFICATIONS
Have a bias for action. If you see a problem, you want to solve and fix it.
Be naturally curious about the technologies and tools you use.
Low-ego, high ownership, and mission oriented.

Anduril is an equal-opportunity employer, and we encourage candidates from all backgrounds to apply. If you are someone passionate to work on problems that matter, we'd love to hear from you!

US Salary Range
","Entry-level","Atlanta, GA"
"Software Developer","D.E. Shaw","Python, C++","Technology is integral to virtually everything the D. E. Shaw group does, which is why we seek exceptional software developers with a range of quantitative and programming abilities. Members of our technical staff collaborate on challenging problems that directly impact the firm’s continued success, utilizing their excellent analytical, mathematical, and software design skills as well as some of the most advanced computing resources in the world. Software developers have the opportunity to be part of a collegial, collaborative, and engaging working environment.

1 video
Hear from the Group:


Home
Who We Are
What We Do
How To Join
News
Library
Contact
What you’ll do day-to-day
Specific responsibilities may include formulating statistical models for our computerized trading strategies, developing distributed systems to analyze and react to incoming data in real time, and creating tools for advanced mathematical modeling.


Who we’re looking for
Successful developers have traditionally been the top students in their programs and have extensive software development experience.
We welcome outstanding candidates at all experience levels.
The expected annual base salary for this position is $225,000. Our compensation and benefits package includes substantial variable compensation in the form of a year-end bonus, guaranteed in the first year of hire, a sign-on bonus, a relocation bonus, and benefits including medical and prescription drug coverage, 401(k) contribution matching, wellness reimbursement, family building benefits, and a charitable gift match program.
The D. E. Shaw group is an equal opportunity employer.

The applicable annual base salary or hourly rate paid to a successful applicant will be determined based on multiple factors, including without limitation the nature and extent of prior experience and educational background.

European Union (EU), United Kingdom (UK), California, Hong Kong, Singapore, or Shanghai candidates should refer to the corresponding linked privacy notice.","Entry-level","New York"
"Software Engineer, 2025 New Grad","WhatNot","Java","🚀 Whatnot

Whatnot is the largest livestream shopping platform in North America and Europe to buy, sell, and discover the things you love. We’re building the future of ecommerce, bringing together community, shopping and entertainment. We are committed to our values, and as a remote co-located team, we operate out of hubs within the US, UK, Ireland, Poland, and Germany today.


We’re innovating in the fast-paced world of live auctions from fashion, beauty, electronics to collectibles like trading cards, comic books, and even live plants. Whatnot has something for everyone.


And, we’re growing. Whatnot has been one of the fastest growing marketplaces and we’re hiring forward-thinking problem solvers across all functional areas.


💻 Role

We are looking for intellectually curious, highly motivated individuals to join us post grad in 2025. The most important skills you’ll need to have are making sound product decisions and shipping high-quality products fast. We look for engineers with great product instincts who can own whole projects from start to finish.


The engineering team operates with a high level of autonomy so we need to hire people we can trust. Your ability to make good trade-offs and exercise good judgment is essential to us. Some job duties include:


Building new features for users in our live-streams
Implementing growth tactics and strategies to scale our buyer and seller flows
Building systems at scale that help us deliver a high trust marketplace experience 
Writing product or system development code
Designing, implementing, and operating our most critical and scalable services
Carefully evaluating the technical tradeoffs of every decision
Supporting features at every phase, from design through implementation and launch
Triage product or system issues and debug/track/resolve by analyzing the sources of issues, network, or service operations and quality.

Team members in this role are required to be within commuting distance of our New York, Los Angeles, or San Francisco hubs.


👋 You  

Curious about who thrives at Whatnot? We’ve found that low ego, a growth mindset, and leaning into action and high impact goes a long way here.


As our next Engineer you should have some industry software engineering experience, plus:


Graduating with a CS or Software Engineering degree in Dec 2024 or by Summer 2025 
Problem solver and out-of-the-box thinker
Willing to take risks and build product and systems for 1M+ users
Capable of building scalable systems
Excellent product instincts. You first think about users rather than the best technical solution
You are known for shipping products and features lightning-fast
Ability to pick up on new technologies very quickly
Open to relocation to SF, LA, or NYC

💰Compensation

US-based applicants: $130,000/year - $140,000/year + benefits + equity.


The salary range may be inclusive of several levels that would be applicable to the position. Final salary will be based on a number of factors including, level, relevant prior experience, skills and expertise. This range is only inclusive of base salary, not benefits (more details below) or equity.


🎁 Benefits

Flexible Time off Policy and Company-wide Holidays (including a spring and winter break)
Health Insurance options including Medical, Dental, Vision
Work From Home Support
home office setup allowance
monthly allowance for cell phone and internet

Care benefits
monthly allowance on food
monthly allowance for wellness
annual allowance towards Childcare
lifetime benefit for family planning, such as adoption or fertility expenses

Retirement; 401k offering for Traditional and Roth accounts in the US (employer match up to 4% of base salary) and Pension plans internationally
Monthly allowance to dogfood the app
Parental Leave
16 weeks of paid parental leave + one month gradual return to work *company leave allowances run concurrently with country leave requirements which take precedence.


💛 EOE

Whatnot is proud to be an Equal Opportunity Employer. We value diversity, and we do not discriminate on the basis of race, religion, color, national origin, gender, sexual orientation, age, marital status, veteran status, parental status, disability status, or any other status protected by local law. We believe that our work is better and our company culture is improved when we encourage, support, and respect the different skills and experiences represented within our workforce.
","Entry-level","NYC"
"Software Engineer - Together Cloud Infrastructure","TogetherAI","Python, C++","Together AI is building the AI Acceleration Cloud, an end-to-end platform for the full generative AI lifecycle, combining the fastest LLM inference engine with state-of-the-art AI cloud infrastructure.

As a Senior AI Infrastructure Engineer, you will play a key role in building the next generation AI cloud platform – a highly available, global, blazing-fast cloud infrastructure that virtualizes cutting-edge ML hardware (GB200s/GB300s, BlueField DPUs) and enables state-of-the-art ML practitioners with self-serve AI cloud services, such as on-demand + managed Kubernetes and Slurm clusters. This platform serves both our internal SaaS products (inference, fine-tuning) and our external cloud customers, spanning dozens of data centers across the world.

Some of what you’ll work on:

Design, build, and maintain performant, secure, and highly-available backend services/operators that run in our data centers and automate hardware management, such as Infiniband partitioning, in-DC parallel storage provisioning, and VM provisioning.
Design and build out the IaaS software layer for a new GB200 data center with thousands of GPUs.
Work on a global multi-exabyte high-performance object store, serving massive datasets for pretraining.
Build advanced observability stacks for our customers with automated node lifecycle management for fault-tolerant distributed pretraining.
To be successful, you’ll need to be deeply technical and possess excellent communication, collaboration, and diplomacy skills. You have strong fundamental software development skills. In addition, you have strong systems knowledge and troubleshooting abilities. 

Requirements

5+ years of professional software development experience and proficiency in at least one backend programming language (Golang desired)
5+ years experience writing high-performance, well-tested, production quality code
Demonstrated experience with building and operating high-performance and/or globally distributed micro-service architectures across one or more cloud providers (AWS, Azure, GCP)
Excellent communication skills – able to write clear design docs and work effectively with both technical and non-technical team members
Deep experience with Kubernetes internals a big plus, such as implementing non-trivial Kubernetes operators, device/storage/network plugins, custom schedulers, or patches thereon or Kubernetes itself
Deep experience with VMs/hypervisors a big plus, such as QEMU/KVM, cloud-hypervisor, VFIO, virtio, PCIE passthrough, Kubevirt, SR-IOV
Deep experience with DC networking tech + solutions a big plus, such as VLAN, VXLAN, VPN, VPC, OVS/OVN
Experience with Cluster API or similar a big plus
Experience working on high-performance compute, networking, and/or storage a big plus
Experience virtualizing GPUs and/or Infiniband a big plus
Strong systems knowledge across compute, networking, and storage, including concurrency, memory management, performant I/O, and scale
Experience with infrastructure automation tools (Terraform, Ansible), monitoring/observability stacks (Prometheus, Grafana), and CI/CD pipelines (GitHub Actions, ArgoCD)
Experience building IaaS or PaaS systems at scale a plus
Experience with DPUs/SmartNICs a plus
GPU programming, NCCL, CUDA knowledge a plus 
Responsibilities

Perform architecture and research work for decentralized AI workloads
Work on the core, open-source Together AI platform
Create services, tools, and developer documentation
Create testing frameworks for robustness and fault-tolerance
 

About Together AI

Together AI is a research-driven artificial intelligence company. We believe open and transparent AI systems will drive innovation and create the best outcomes for society, and together we are on a mission to significantly lower the cost of modern AI systems by co-designing software, hardware, algorithms, and models. We have contributed to leading open-source research, models, and datasets to advance the frontier of AI, and our team has been behind technological advancement such as FlashAttention, Hyena, FlexGen, and RedPajama. We invite you to join a passionate group of researchers in our journey in building the next generation AI infrastructure.

Compensation

We offer competitive compensation, startup equity, health insurance, and other benefits, as well as flexibility in terms of remote work. The US base salary range for this full-time position is: $160,000 - $230,000 + equity + benefits. Our salary ranges are determined by location, level and role. Individual compensation will be determined by experience, skills, and job-related knowledge.

Equal Opportunity

Together AI is an Equal Opportunity Employer and is proud to offer equal employment opportunity to everyone regardless of race, color, ancestry, religion, sex, national origin, sexual orientation, age, citizenship, marital status, disability, gender identity, veteran status, and more.

Please see our privacy policy at https://www.together.ai/privacy  ","Senior","San Francisco"
"Software Engineer, Backend","Zip","Kubernetes, Spinnaker, Jenkins, Kibana, Prometheus, and Grafana.","The simple task of buying software, services, or tools at work has become hopelessly complicated at even the most innovative companies in the world. Today, enterprises spend $120T+ per year globally (>30 times larger than annual consumer e-commerce spend) and rely on vendors more than ever before to run their businesses.

Our cofounders started Zip in 2020 to address this seemingly intractable problem with a purpose-built procurement platform that provides a simple, consumer-grade user experience. Within the last 4 years, Zip has created a new category and developed the leading solution in this $50B+ TAM space. Today, the world’s leading companies like OpenAI, Snowflake, Anthropic, Coinbase, and Prudential rely on Zip to manage billions of dollars in spend.

We have a world-class team coming from category-defining companies like Airbnb, Meta, Stripe, Salesforce, Apple, and Google. With a $2.2 billion valuation and $370 million in funding from Y Combinator, Tiger Global, BOND, DST Global, and CRV, we’re focused on developing cutting-edge technology, expanding into new global markets, and—above all–driving incredible value for our customers. Join us!

Your Role
As a Software Engineer, you will be responsible for building Zip’s core products and architecture. We have a wide product surface area, covering request management, no-code workflow builders, customer-facing reporting dashboards, connections to ticketing systems, integrations with financial systems, B2B payment processing, and more.  You will ship features that will be immediately used by our users and will work with a tight-knit team that values open communication and cross-functional collaboration. We move quickly to solve a wide range of complex technical and product challenges. While we are an experienced team that can provide guidance and mentorship, we value engineers who can autonomously scope and solve difficult technical challenges.

You Will
Design and build highly reliable and resilient products and features.

Work closely with cross-functional product and customer-facing teams to understand requirements and ship thoughtful solutions.

Write high-quality, extensible, and maintainable code.

Design and build scalable frontend applications and components.

Design and build APIs to drive existing and new features for a web-based application.

Qualifications
We are hiring software engineers across all levels. Most of our open roles are targeting individuals with at least 5 years experience if past work is highly relevant

BS or higher, in Computer Science or related technical field involving coding (e.g. physics or math)

Experience with web application and API development in production environments. At Zip, our stack includes Python, Javascript, React, and GraphQL.

Experience with industry-standard build, test, and deploy tools. At Zip, our stack includes Kubernetes, Spinnaker, Jenkins, Kibana, Prometheus, and Grafana.

Ability and interest to quickly learn new frameworks, architecture patterns, and programming languages as needed

Experience working at a small company with diverse responsibilities is a bonus, but not required.

Experience working with API connections with external systems like Jira, ServiceNow, Slack, etc is a bonus, but not required.

The salary range for this role is $160,000 - $240,000. The salary for this position is determined based on a variety of job-related factors that may include location, relevant experience, education, or particular skills and expertise.

","Entry-level","New York"
"Software Engineer Program","JP Morgan Chase","General Backend
","You'll benefit from a multi-billion annual investment in technology, working in one of the world’s biggest tech companies. You’ll work in an open, collaborative, and supportive culture, where our agile teams are constantly innovating, learning new skills, and at the forefront of developing new technologies and solutions.

With the scale of our business, you could impact millions of consumers, thousands of enterprise clients, and 300,000+ employees. We’re committed to advancing your career helping you acquire new skills, opportunities, and a global network of support that will help you take your career in any direction imaginable.

Apply now
Inside the program

What you'll do
You’ll gain foundational technical and professional skills to build a successful career in technology and robust networks. The program offers opportunities for job growth, accelerated career advancement, and mobility. It begins with an in-depth induction that introduces you to our businesses, enhances your understanding of development methodologies, and sharpens your professional skills, focusing on the holistic development of your technology, professional, and leadership competencies.

You'll join an inspiring and curious team of technologists who will support you in developing new skills, exploring diverse projects and businesses, and advancing your career. This role offers a collaborative, trusting, and thought-provoking environment that encourages diversity of thought and creative solutions in the best interests of our global customers. You'll contribute to building and optimizing digital applications and systems that serve millions of customers, clients, and employees worldwide. You'll apply your expertise across the software development life cycle and collaborate with stakeholders to stay focused on common goals.


Who we're looking for
Valued qualities
We are seeking well-rounded, enthusiastic, and motivated individuals, particularly those majoring in Computer Science and/or Engineering, who are eager to make a direct impact on our business from day one. Regardless of your background, we value candidates with a strong interest in financial services who are attuned to industry-wide technology trends and best practices, and who possess a thirst for learning, growth, and innovation.

Collaboration is at the heart of our teams, so we are looking for candidates with excellent teamwork skills and demonstrated leadership abilities. You should be able to work effectively in large, collaborative teams to achieve organizational goals and be passionate about fostering an innovative culture.

Key skills
We are looking for applicants who possess a strong foundational knowledge of programming languages, such as Python, JavaScript, Java, C++, or C#, along with expertise in databases, data structures, and algorithms. Ideal applicants will have experience across the entire software development life cycle (SDLC) and exposure to agile methodologies, including continuous integration and continuous delivery (CI/CD), application resiliency, and security. We value emerging knowledge of software applications and technical processes within specialized disciplines, like cloud computing, artificial intelligence, machine learning, and mobile technologies. Additionally, a solid understanding of software skills, including business analysis, development, maintenance, and software improvement is essential for success in our dynamic environment.


What we offer
This full-time program will give you the opportunity to learn about our technology business and develop your career. You could work on projects that deliver real solutions for our customers,  clients, and businesses. No matter if you’re working on payment solutions or trading algorithms around the world, you’ll see tangible results from your work.

On-the-job experience
Dive headfirst into creating innovative solutions that make a difference for our customers, clients, and employees. Our program is designed to make sure you’re supported and learning new skills. You’ll have clear priorities and projects where you’ll be able to make a difference across our business and add value from the start.

You are encouraged to take time to explore, shadow other teams, and network with various people. You'll be fully integrated into our technology community with the opportunity to attend social events and tech talks, interact with senior leaders, and more.

Training
You’ll begin with a comprehensive induction program to learn about our businesses, build on your knowledge of development methodologies, and develop your professional skills. You'll have the chance to join our agile Force for Good teams to create real-world technology solutions for non-profit organizations through a series of “side” projects that take place over several months.

You’ll have access to continuous training both on-the-job and via courses to build your technical and business skills. We’ll cover topics ranging from cybersecurity to presentation skills to further your career development. Our teams are dedicated to your support and advocacy throughout the two years of the program.

Career Progression
Once you’ve successfully completed the program, there will be opportunities for advancement in our Technology organization based on your performance. Our culture of continuous learning will help you to take your career further. As you grow, you’ll also be able to explore opportunities with many teams in various locations across our company.


Where to learn more
Explore life at JPMorganChase with this free & self-paced virtual experience. To learn more and register, visit the Software Engineering page on Forage.","Entry-level","New York"
"Software Engineer","Valon","AI","About the Company
Valon is building the AI-native operating system for regulated finance, starting with mortgage servicing.

We're a Series C company backed by a16z, transforming industries that others have written off as too complex to innovate.

Rather than build on top of broken legacy systems, we took a different approach: we built and operate our own mortgage servicing business managing $110+ billion in loans. This wasn't the end goal, it was how we deeply understood the complexity needed to build software that actually works in regulated industries.

The results speak for themselves. We've transformed mortgage servicing from a 0% margin business into 60%+ margins while dramatically improving customer experience. Major enterprise contracts are now deploying across the industry.

ValonOS is our unified platform that makes every process structured and programmable and it is perfectly positioned for the AI era. When everything flows through one system with rich data, AI agents don't just automate tasks, they continuously improve entire operations. Mortgage servicing is just the beginning of our vision to transform regulated industries and beyond.

Engineering at Valon
Our engineering team is here to power the software ecosystem to disrupt one of the most outdated and regulated spaces in the financial sector - the mortgage industry. We’ve built out the foundation of a modern mortgage servicing platform that can accurately handle billions of dollars at scale, but we’re just getting started. At Valon, we want you to do the best work of your life. You'll be surrounded by a tight-knit community of exceptional people from places like Stripe, Jane Street, Meta, and Google who care deeply about their work and each other. Our problem space is complex, but you’ll get a lot of autonomy so that you can learn quickly, execute effectively, and deliver the highest level of business impact. Our tech stack is built on Python, React, Docker, Kubernetes, and Google Cloud Platform.

Our headquarters are in New York City, and this year, we’re excited to open a new office in San Francisco. Plus, we fully support remote work!

Responsibilities
Responsible for learning new concepts and technologies quickly and apply them to challenging problems.

Designing and building robust and extensible infrastructure to handle evolving and complex federal, state, and agency regulations.

Dive deep to understand the inner workings of a highly complex industry.

Work with Product and Design to define the best experience for our customers.

Ideal Background
Bachelor’s degree in Computer Science or related field.

Requires 1 year of software engineering experience building quality software applications at scale, including ability to work cross-functionally to balance product and technical requirements, building scalable systems from scratch with a fast turnaround.

Experience with one of the following: web application development, mobile application development, building large-scale distributed systems, or infrastructure management.

Must have legal authority to work in the U.S. EEOE.

Benefits
Base Compensation Band: $140,000-$200,000. Base salary offered is determined by a number of factors including the candidate’s experience, qualifications, and skills

This Base Compensation pay range applies to our New York City located staff and may differ according to location.

Compensation: Competitive salary with a meaningful stake in the company via equity, and 401k plan

Health & well-being: We’ll invest in your physical and mental well-being with comprehensive medical, dental, & vision benefits

Commuter benefits: We offer pre-tax deductions for public transportation, rideshare services, and parking expenses to make your commute more affordable and convenient

Grow together: Company wide orientation for you to successfully onboard and other learning & development opportunities including regular review cycles that feature 360 degree feedback

Play together: Quarterly budgets for team and company outings. Use it for team swag, cooking classes, or team dinners!

Generous time off: Flexible paid time off, sick days, and 11 company holidays

Baby bonding time!: 12 weeks off for both birthing and non-birthing parents - fully paid so you can focus your energy on your newest addition

Throughout the interview process, please remember that emails will only be from valon.com emails. We won't ever be asking for any personally identifiable information during the interview process itself. Please reach out to talent@valon.com if you have any requests to verify the authenticity of an outreach.","entry-level","New York"
"New Grad Software Engineering","Samsara","Backend, Infrastructure, Fullstack, Frontend, or Mobile Infrastructure","Who we are

Samsara (NYSE: IOT) is the pioneer of the Connected Operations™ Cloud, which is a platform that enables organizations that depend on physical operations to harness Internet of Things (IoT) data to develop actionable insights and improve their operations. At Samsara, we are helping improve the safety, efficiency and sustainability of the physical operations that power our global economy. Representing more than 40% of global GDP, these industries are the infrastructure of our planet, including agriculture, construction, field services, transportation, and manufacturing — and we are excited to help digitally transform their operations at scale.

Working at Samsara means you’ll help define the future of physical operations and be on a team that’s shaping an exciting array of product solutions, including Video-Based Safety, Vehicle Telematics, Apps and Driver Workflows, and Equipment Monitoring. As part of a recently public company, you’ll have the autonomy and support to make an impact as we build for the long term.

About the role:

Are you a recent or upcoming graduate ready to launch your career at the forefront of industrial IoT? Join us and help shape the future of connected operations. You will immediately dive into challenging, real-world projects with the freedom and responsibility of a full-time engineer. We believe in providing a greenfield opportunity for growth and a high degree of ownership from day one. You will build and innovate, making a tangible impact on our global customers.

Engineering Specializations:
As a new grad, you will be considered for one of the following engineering specializations based on your skills, interests, and business needs:

Backend Infrastructure: Design and develop the core infrastructure that powers our IoT platform, connecting over 15,000 hardware assets globally. You'll focus on scaling data ingestion and storage systems to handle growing data volumes and collaborate with engineers to enable new types of data analysis.
Full-stack, Frontend: Create user interfaces that transform data from millions of devices into intuitive, actionable insights. You'll work closely with our design and product teams to rapidly iterate on solutions, with projects ranging from developing design systems to performance engineering.
Full-stack, Backend: Design and develop features across our platform, directly impacting current and future customers. You'll tackle engineering challenges from architecting data structures for massive data collection to building high-performing data analytics on web and mobile platforms.
Mobile Infrastructure: Work on the critical infrastructure that supports our React Native application. Your contributions will empower feature teams to iterate quickly and write performant, maintainable code, delivering a seamless mobile experience.
Embedded Software: Design, develop, and maintain all on-device software for Samsara's hardware products. This includes everything from edge AI models and multimedia frameworks to low-level power management and real-time data processing, building software that runs reliably in tough, real-world conditions.
Our Tech Stack:
We use Golang for our backend, Typescript and React for our web client, GraphQL to fetch data, and React Native for our mobile app. While direct experience with this stack is not required, experience with similar technologies is strongly encouraged.

Why Join Us?

You want to impact the industries that run our world: The software, firmware, and hardware you build will result in real-world impact—helping to keep the lights on, get food into grocery stores, and most importantly, ensure workers return home safely.
You want to build for scale: With over 2.3 million IoT devices deployed to our global customers, you will work on a range of new and mature technologies driving scalable innovation for customers across industries driving the world's physical operations.
You are a life-long learner: We have ambitious goals. Every Samsarian has a growth mindset as we work with a wide range of technologies, challenges, and customers that push us to learn on the go.
You believe customers are more than a number: Samsara engineers enjoy a rare closeness to the end user and you will have the opportunity to participate in customer interviews, collaborate with customer success and product managers, and use metrics to ensure our work is translating into better customer outcomes.
You are a team player: Working on our Samsara Engineering teams requires a mix of independent effort and collaboration. Motivated by our mission, we’re all racing toward our connected operations vision, and we intend to win—together.
Minimum requirements for the role:

Current Senior pursuing a Bachelor’s degree in Computer Science, Mathematics, or a related technical field, with an expected graduation date in Fall/Winter 2025 or Spring/Summer 2026.
This is a full-time, remote OR in-person hybrid role requiring 3 days per week in our San Francisco, CA office and 2 days working remotely. 
An ideal candidate also:

Has a Builder Mindset: You're passionate about creating and taking ownership of projects. You have a strong technical foundation in computer science fundamentals, data structures, and algorithms, and you're adaptable and versatile, ready to tackle challenges across different areas of our technology stack.
Knows Their Stuff: You have a proven ability to develop production-level software. You're proficient in at least one of the following areas: Backend, Infrastructure, Fullstack, Frontend, or Mobile Infrastructure. We're especially interested in experience with Golang, Python, Node.js, Typescript, and React.
Is Customer Obsessed: You're motivated by understanding customer needs and building solutions that make their lives easier. You're excited to ship customer experiences and iterate on new products based on feedback.
Wins as a Team: You champion, role model, and embed our company values, especially the belief that we succeed together. You have excellent collaboration skills and can work effectively both independently and with cross-functional teams.
Samsara’s Compensation Philosophy: Samsara’s compensation program is designed to deliver Total Direct Compensation (based on role, level, and geography) that is at or above market. We do this through our base salary + bonus/variable + restricted stock unit awards (RSUs) for eligible roles. For eligible roles, a new hire RSU award may be awarded at the time of hire, and additional RSU refresh grants may be awarded annually.

We pay for performance, and top performers in eligible roles may receive above-market equity refresh awards which allow employees to achieve higher market.

The range of annual base salary for full-time employees for this position is below. Please note that base pay offered may vary depending on factors including your city of residence, job-related knowledge, skills, and experience.
$89,547.50—$150,500 USD
At Samsara, we welcome everyone regardless of their background. All qualified applicants will receive consideration for employment without regard to race, color, religion, national origin, sex, gender, gender identity, sexual orientation, protected veteran status, disability, age, and other characteristics protected by law. We depend on the unique approaches of our team members to help us solve complex problems and want to ensure that Samsara is a place where people from all backgrounds can make an impact.

Benefits

Full time employees receive a competitive total compensation package along with employee-led remote and flexible working, health benefits, and much, much more. Take a look at our Benefits site to learn more.","Entry","SF"
"New College Graduate - Software Engineer","Cape","Go, Kotlin, React, Typescript","The Company
Cape was founded in early 2022 by Palantir and Anduril alums with deep expertise in privacy and national security. While running Palantir’s US national security business, our CEO became passionate about privacy and security on mobile devices. Our mission is to be a force for good in global wireless.

At Cape, we are not just another cellular service provider; we are the architects of a privacy-centric movement that starts with the devices in your pocket. We are building a cellular network that helps citizens, including those responsible for our nation’s security, regain control of their own data.

We believe that where we are, where we go, and whom we are with are among our most personal information and should be kept private. Privacy is not something you achieve by limiting yourself or by doing less, it is a set of features to be built so you can do more. We have raised money from Andreessen Horowitz and other top-tier VCs, and are excited to grow the team.

The Team
We are relentless builders, constantly pushing the boundaries of what's possible and bringing to life ideas that have never before existed. Innovation is at the core of everything we do. At Cape, we trust our team to deliver greatness and empower them to make a profound impact. As a member of our team, you will collaborate seamlessly with our diverse group of talented engineers and other team members, enjoying dynamic interactions with colleagues from across the organization.

About the Role
We're looking for passionate new college graduates to join our engineering team. You'll be a key part of our mission to bring privacy and security to the most essential technologies of our generation: the cell phone and the networks that connect them.

You'll get hands-on experience by shipping real features into production from day one. You'll work on backend platforms, full-stack web and mobile apps, or with our forward-deployed engineering teams. Our small, dynamic Series B startup is all about action and swift iteration. We believe in shipping fast, refining continually, and leveraging customer feedback to grow both our products and our people.

Why You'll Love Working Here
Learn from the best: Drawing from successful startups like Palantir and Anduril, and tech giants like Google and AWS, our team has the unique expertise to architect scalable and resilient cloud-native solutions, from building and virtualizing 5G cell networks to deploying robust IoT systems.

Make a real impact: Your work will help safeguard vulnerable individuals, like investigative journalists, and protect public systems and democratic values from malicious actors.

Build innovative solutions: You'll apply a privacy and security-first mindset while working on projects like:

Developing advanced mobile technology to protect against ad-tech tracking and modern security threats, including SIM swaps and malicious cell towers.

Creating full-stack applications to manage mobile devices for government organizations and enterprises.

Building exploit-resilient IoT networks for critical infrastructure.

Enabling secure mobile roaming for organizations that require greater privacy and security for their employees or devices, allowing for individuals to continue to operate mobile and IOT devices in geographic regions with compromised telecommunications infrastructure.

Scoping and creating mobile features with direct customer feedback.

What You'll Be Doing
Depending on your strengths and interests, you'll be involved in one or more of the following areas:

Backend Services: Building services in Go.

Full-Stack Development: Working with React and TypeScript.

Mobile Apps: Creating iOS/Android apps with Kotlin (Jetpack Compose) or Swift (SwiftUI) that interact with low-level OS APIs as well as the broader Telecommunications Identity Management Ecosystem.

Code Quality: Participating in code reviews to both give and receive feedback.

Customer-Centric Development: Talking directly to customers to understand problems and develop innovative solutions.

Collaboration: Working with other teams to build and ship high-impact features.

Who We're Looking For
You're a great fit if you're a new graduate with:

Strong Technical Skills: A solid foundation in data structures and algorithms in at least one programming language. You're comfortable translating product requirements into system designs and working solutions.

Effective Communication: You value input from others and have strong opinions, weakly held. This means you back up your decisions with data but are open to incorporating new information.

Problem-Solving Mindset: You're not afraid of working with customers in mission-critical situations to develop solutions to unsolved problems in this space.

Adaptability: You're flexible and thrive in a fast-paced environment with a strong bias for action. You also embrace our core value of oversharing to move fast and build consensus.

Bonus Points
You might be an even stronger candidate if you have:

Previous software engineering experience (internships, research projects, etc.).

Launched apps on the App Store or Google Play Store.

Experience with microservices deployed on the cloud (AWS, Azure, GCP, etc.).

Experience or passion for privacy-focused work or open-source contributions.

Experience with building products that interact with real-world physical systems.

We offer competitive compensation that is geo-adjusted based on your location, along with meaningful equity so you share in the value you help create. Our benefits include:

Our benefits include:

401(k) match

100% coverage of medical, dental, and vision premiums for you and your dependents

12 weeks paid parental leave (for all parents, no waiting period)

Stipends for

Family-forming needs

Gender-affirming care

Unlimited PTO

Our Culture 
We are builders, and we choose to spend our time building things that matter. Many of our people have backgrounds in Defense Tech as well as the defense and intelligence community. We build to win.

We hire excellent people, give them outsized responsibility, and trust them to execute at a high level. Everyone here has a track record of solving hard problems throughout their careers.

We believe that personal privacy and national security interests are not inherently at odds, and can be reconciled via strong technology.

We believe that companies exist to build awesome things and take care of their people. Our benefits reflect that– top-tier health care, 401(k) matching, and a generous vacation policy (that we actually use).

We hire candidates of any race, color, ancestry, religion, sex, national origin, sexual orientation, gender identity, age, marital or family status, disability, Veteran status, and any other status. Achieving diversity across these categories will serve to make our company stronger and our product better.","Entry-level","SF"
"Software Engineer, New Grad","Stripe","Java, Ruby, JavaScript, Scala, and Go.","Who we are
About Stripe
Stripe is a financial infrastructure platform for businesses. Millions of companies—from the world’s largest enterprises to the most ambitious startups—use Stripe to accept payments, grow their revenue, and accelerate new business opportunities. Our mission is to increase the GDP of the internet, and we have a staggering amount of work ahead. That means you have an unprecedented opportunity to put the global economy within everyone’s reach while doing the most important work of your career.

About the team
Stripe offers an interesting middle ground between joining a small startup and going to work for a multinational company. We have systems and processes optimized for early-career professionals. You will be in an environment that prizes rigor, discipline, and reliability—from our products, from our ways of working, and from our colleagues. You will learn how the best teams put together extremely reliable systems, and you will be responsible for operating these systems, with adequate backup when things get tough.

What you’ll do
As a company, we believe in end-to-end ownership of projects. For any given project, we have one person on point. While they don't necessarily have to do all the work themselves, it's their job to make sure all the work gets done. We launch betas and prototypes as early as we can. This helps ensure that we're building what users actually want. We contribute back to the community, often by building things we think are cool and by releasing open-source software.

Responsibilities
Work on cross-functional projects, directly collaborating with other engineers
Give meaningful feedback on code reviews and technical designs
Ensure that the systems your team operates continue running well and can scale to meet the needs of our users
Build the skills to own a project from beginning to end, learning project management and technical leadership skills
Who you are
We’re looking for someone who meets the minimum requirements to be considered for the role. If you meet these requirements, you are encouraged to apply. The preferred qualifications are a bonus, not a requirement.

Minimum requirements
A Bachelor’s or Master’s degree in computer science or a directly related field, obtained by summer 2026, or equivalent work experience
Some experience and familiarity with programming, either through side projects or classwork. We work mostly in Java, Ruby, JavaScript, Scala, and Go. We believe new programming languages can be learned if the fundamentals and general knowledge are present
Experience from either previous internships or working collaboratively on multi-person coding projects (in a university or professional setting)
Ability to learn unfamiliar systems and form an understanding of those systems, through independent research and working with a mentor and subject matter experts
Preferred qualifications
One or more areas of specialized knowledge balanced with general skills and knowledge, such as knowing more frontend technologies and, at a high level, how a service handles an HTTP request
Experience in code review practices, and an understanding of how to safely update production systems
Familiarity with navigating and managing work in large code bases
In-office expectations
Office-assigned Stripes in most of our locations are currently expected to spend at least 50% of the time in a given month in their local office or with users. This expectation may vary depending on role, team and location. For example, Stripes in our Bucharest, Romania site have an 80% in-office expectation, and those in Stripe Delivery Center roles in Mexico City, Mexico and Bengaluru, India work 100% from the office. Also, some teams have greater in-office attendance requirements, to appropriately support our users and workflows, which the hiring manager will discuss. This approach helps strike a balance between bringing people together for in-person collaboration and learning from each other, while supporting flexibility when possible.
Pay and benefits
The annual US base salary range for this role is $122,100 - $134,400. For sales roles, the range provided is the role’s On Target Earnings (""OTE"") range, meaning that the range includes both the sales commissions/sales bonuses target and annual base salary for the role. This salary range may be inclusive of several career levels at Stripe and will be narrowed during the interview process based on a number of factors, including the candidate’s experience, qualifications, and location. Applicants interested in this role and who are not located in the US may request the annual salary range for their location during the interview process.

Additional benefits for this role may include: equity, company bonus or sales commissions/bonuses; 401(k) plan; medical, dental, and vision benefits; and wellness stipends.","New grad","south san francisco"
"Software Engineer, 2026 Graduate U.S.","Atlassian","AIML, MCP, Function Calling","Working at Atlassian

Atlassians can choose where they work – whether in an office, from home, or a combination of the two. That way, Atlassians have more control over supporting their family, personal goals, and other priorities. We can hire people in any country where we have a legal entity. Interviews and onboarding are conducted virtually, a part of being a distributed-first company.

Your Future Org

Atlassian’s Grad++ program combines hands-on technical training, professional growth opportunities, dedicated mentorship, and strong social connections. This holistic approach empowers students to hit the ground running and sets them up for a successful and impactful career at Atlassian!

This role is located in Seattle, WA. To qualify, you must be willing and able to work out of this location.

This position is not eligible for F1 and J1 students. It is not available for any work sponsorship.


Responsibilities

Build Production-Ready Features: Develop scalable code for Atlassian's products (Jira, Confluence, Trello) used by millions of teams worldwide, contributing to reliable systems that power global collaboration

Own End-to-End Projects: Take ownership of features from design through deployment, including implementation, testing, and monitoring in production environments

Collaborate in Agile Teams: Work closely with senior engineers, product managers, and designers using Agile methodologies and lean practices to deliver impactful solutions

Innovate with AI/ML Technologies: Contribute to AI-powered features and integrations, working with modern frameworks, agentic systems, and intelligent automation capabilities

Solve Complex Technical Problems: Tackle challenging issues related to distributed systems, data processing, and user experience optimization while using data-driven insights to validate assumptions and improve products.


Minimum Qualifications

Programming & AI/ML Proficiency: Experience with Python, Java, or other modern object oriented languages, with exposure to AI/ML frameworks (TensorFlow, PyTorch, scikit-learn) and understanding of machine learning fundamentals

Software Engineering Experience: Proven development skills through internships, work experience, projects, or publications, including experience with APIs, cloud platforms, or AI-powered applications

Data & System Design: Strong understanding of data structures, statistical concepts, and familiarity with design patterns for modern systems including AI/ML architectural patterns (data pipelines, model serving, microservices)

Preferred Qualifications

Emerging AI Technologies: Exposure to agentic AI systems, autonomous agents, modern AI protocols (MCP, function calling), and AI-assisted development approaches

Compensation

At Atlassian, we strive to design equitable, explainable, and competitive compensation programs. To support this goal, the baseline of our range is higher than that of the typical market range, but in turn we expect to hire most candidates near this baseline. Base pay within the range is ultimately determined by a candidate's skills, expertise, or experience. In the United States, we have three geographic pay zones. For this role, our current base pay ranges for new hires in each zone are:","Entry-level","NYC"
"Software Engineer Program","Hubspot","Java","About the Customer Journey Product Line
At HubSpot, the Customer Journey Product Line (CJPL) is reimagining how customers experience HubSpot from their very first interaction through their long-term success. We believe every customer—regardless of size, tier, or skill—should find value immediately, build momentum quickly, and see outcomes grow over time.

We’re creating a continuous journey that blends onboarding with everboarding: an adaptive system that not only helps customers get started but also guides them as their needs evolve. Our goal is to deliver intelligent, context-aware experiences that reduce friction, anticipate what’s next, and scale seamlessly—without relying on human intervention.

About the Global Search Team
This role sits within HubSpot’s Global Search team, part of the Customer Journey Product Line. Global Search is one of the most visible and widely used experiences in HubSpot, helping users find exactly what they need across CRM, Marketing, Sales, Service, and CMS. It is a core, highly scalable system touched by nearly every HubSpot user every day.

The Global Search team builds and operates the backend systems that power discovery, navigation, and contextual recommendations throughout the platform. Our mission is to make it effortless for users to find information and take action so they can stay focused on getting their work done. Working on this team means solving challenges in search relevance, indexing, data modeling, and distributed systems at scale, all while delivering a fast, intuitive experience that grows with our customers.

What You’ll Do
As a Senior Backend Engineer on the Global Search team within the Customer Journey Product Line, you’ll play a key role in shaping the systems and services that power how users find and discover information across HubSpot. You will:

Design, build, and maintain scalable backend services that support global search and discovery experiences across the HubSpot platform.
Collaborate closely with product managers, frontend engineers, and data teams to deliver reliable, intelligent, and context-aware search results.
Contribute to the architecture of distributed systems that handle large-scale data indexing, query optimization, and personalization.
Improve system reliability, observability, and performance across services that touch millions of customers daily.
Write clean, maintainable, and well-tested code while applying best practices in API design, data modeling, and service architecture.
Help guide technical direction and contribute to long-term engineering decisions that shape the evolution of HubSpot’s Global Search platform.
Participate in code reviews, technical discussions, and mentorship opportunities within the team.

We’re Looking For Someone Who:

Has 7+ years of backend engineering experience, ideally in a modern, cloud-based environment.
Is proficient in one or more of HubSpot’s backend languages and frameworks (Java, Kotlin, or similar JVM-based languages).
Has experience designing and scaling distributed systems, search services, and APIs.
Understands how to build reliable, observable systems that can evolve quickly and safely.
Thrives on solving challenges involving search relevance, data flow, indexing, and performance at scale.
Communicates clearly and works collaboratively across engineering, product, and design teams.
Is excited about building intelligent, adaptive systems that make finding information effortless for users.

Why This Role Matters
Global Search is central to how millions of HubSpot users get work done every day. It is the entry point to discovering contacts, deals, content, and tools across the platform, connecting users to the information they need to take action quickly. As part of this team, you’ll have a direct impact on usability, productivity, and customer success across HubSpot.

By helping users find what they need instantly, you’ll empower them to unlock value faster and keep their momentum going. The Global Search team’s work reaches nearly every HubSpot customer, making it one of the most critical and rewarding systems to work on within the company.","Mid-level","Boston, MA"
"Agent Software Engineer - New Grad (2026 Start)","Decagon"," Python, Typescript, Asynchronous Programming","About Decagon

Decagon is the leading conversational AI platform empowering every brand to deliver concierge customer experience. Our AI agents provide intelligent, human-like responses across chat, email, and voice, resolving millions of customer inquiries across every language and at any time.

Since coming out of stealth, Decagon has experienced rapid growth. We partner with industry leaders like Hertz, Eventbrite, Duolingo, Oura, Bilt, Curology, and Samsara to redefine customer experience at scale. We've raised over $200M from Bain Capital Ventures, Accel, a16z, BOND Capital, A*, Elad Gil, and notable angels such as the founders of Box, Airtable, Rippling, Okta, Lattice, and Klaviyo.

We’re an in-office company, driven by a shared commitment to excellence and velocity. Our values—customers are everything, relentless momentum, winner’s mindset, and stronger together—shape how we work and grow as a team.

About the Team

The Agent Engineering team at Decagon deploys mission-critical AI agents to our customers that impact millions of users and directly drive Decagon’s growth. You will build on our industry-leading AI agent platform, collaborate directly with customers and use your own creativity to devise long-term, scalable solutions.

Our mission is to deliver magical support experiences — AI agents working alongside human agents to help users resolve their issues.

About the Role

On the Agent Engineering team, you’ll have complete ownership and autonomy in building and shipping best-in-class AI agents, from initial implementation through continuous iteration. You’ll work directly with leaders across industries like finance, healthcare, and hospitality, solving their users’ needs with reliable and intuitive AI agents.

Engineers here own their work end-to-end and are trusted to make a real impact. This role is for someone who dives deep into complex system challenges and builds elegant solutions that scale to millions of users.

This role is designed for candidates graduating between December 2025–July 2026. We are an in-person company based in San Francisco and New York.

In this role, you will

Design and build AI agents that outperform human agents in managing complex customer interactions and driving customer retention

Identify cross-customer trends that guide the evolution of Decagon’s agent building platform and research efforts

Experiment with and run evaluations on the latest text and voice models, then integrate them at scale with large enterprise-grade customers

Your background looks something like this

Pursuing or completing a B.S. (or higher) in Computer Science or a related technical field

Proficiency with Python, Typescript, and asynchronous programming

Track record of building and shipping high-quality products and features through coursework, internships, or personal projects

Excitement to thrive in a fast-paced environment, continuously learn, and sharpen your skills

Even better

Prior experience working with multi-modal models

Benefits

Medical, dental, and vision benefits

Take what you need vacation policy

Daily lunches, dinners, and snacks in the office to keep you at your best

Compensation

$180K + Offers Equity

","Entry","San Francisco"
"Software Engineer - New Grad","Scale AI","Typescript, React, Python and/or MongoDB","At Scale, our mission is to accelerate the development of AI applications. For 8 years, Scale has been the leading AI data foundry, helping fuel the most exciting advancements in AI, including: generative AI, defense applications, and autonomous vehicles. With our recent Series F round, we’re accelerating the abundance of frontier data to pave the road to Artificial General Intelligence (AGI), and building upon our prior model evaluation work with enterprise customers and governments, to deepen our capabilities and offerings for both public and private evaluations.

 

Example Projects:

Ship tools to accelerate the growth of new qualified contributors on Scale’s labeling platform
Build methodical fraud-detection systems to remove bad actors and keep Scale’s contributor base safe and trusted. 
Use models to estimate the quality of tasks and labelers, and guarantee quality on requests at large scale.
Devise advanced matching algorithms to match labelers to customers for optimal turnaround and accuracy.
Build methods to automatically measure, train, and optimally match labelers to tasks based on performance
Create optimized and efficient UI/UX tooling, in combination with ML algorithms, for 100k+ labelers to complete billions of complex tasks
Develop new AI infrastructure products to visualize, query, and explore Scale data
Create a customer service RAG application that handles 1000s of questions a day
Integrate a cutting-edge ML model that predicts churn with a customer's retention system
 

Requirements:

A graduation date in Fall 2025 or Spring 2026 with a Bachelor’s degree (or equivalent) in a relevant field (Computer Science, EECS, Computer Engineering, Statistics) 
Product engineering experience such as building web apps full-stack, integrating with relevant APIs and services, talking to customers, figuring out ‘what’ to build and then iterating
Previous Product/Software Engineering Internship experience 
Track record of shipping high-quality products and features at scale
Experience building systems that process large volumes of data
Experience with Typescript, React, Python and/or MongoDB
Compensation packages at Scale for eligible roles include base salary, equity, and benefits. The range displayed on each job posting reflects the minimum and maximum target for new hire salaries for the position, determined by work location and additional factors, including job-related skills, experience, interview performance, and relevant education or training. Scale employees in eligible roles are also granted equity based compensation, subject to Board of Director approval. Your recruiter can share more about the specific salary range for your preferred location during the hiring process, and confirm whether the hired role will be eligible for equity grant. You’ll also receive benefits including, but not limited to: Comprehensive health, dental and vision coverage, retirement benefits, a learning and development stipend, and generous PTO. Additionally, this role may be eligible for additional benefits such as a commuter stipend.

Please reference the job posting's subtitle for where this position will be located. For pay transparency purposes, the base salary range for this full-time position in the locations of San Francisco, New York, Seattle is:
$124,000—$155,000 USD","Entry-level","San Francisco"
"Software Engineer, New Grad","Headlands Tech","C++","About Headlands Technologies

Headlands Technologies is a global quantitative trading firm built on a culture of innovation, collaboration, and cutting-edge technology. We are a diverse team of researchers, engineers, and trading professionals who are passionate about solving complex problems in financial markets. We don't have external investors, which gives us the freedom to focus on building robust, long-term solutions and pushing the boundaries of what's possible in trading.

Our success is rooted in our sophisticated quantitative models and our world-class, low-latency trading infrastructure. We believe that the best ideas can come from anywhere, and we've created a flat, meritocratic environment where talent is rewarded, and every individual can make a significant impact.

The Role: Software Engineer, Core Trading Systems

We are seeking an exceptionally talented Software Engineer to join our Core Trading Systems team. This is not a typical software development job. You will be on the front lines, designing, building, and optimizing the high-performance, ultra-low-latency software that powers our global trading operations. The systems you build will be the backbone of our firm, processing immense amounts of market data and executing trades in nanoseconds.

In this role, you will work side-by-side with quantitative researchers and traders to understand their needs and translate complex mathematical models and trading strategies into flawless, high-octane code. You will be responsible for every aspect of the software lifecycle, from initial design and architecture to implementation, testing, and production deployment. The challenges are immense, but so are the rewards.

Key Responsibilities

Design and Architect: Conceptualize and build new components for our core trading platform, focusing on minimizing latency, maximizing throughput, and ensuring high availability.

Optimize and Refine: Relentlessly profile, analyze, and optimize our C++ codebase. You will be expected to squeeze every last nanosecond of performance out of our hardware and software.

Develop Core Infrastructure: Build and maintain essential infrastructure components, including market data handlers, order execution gateways, and high-speed inter-process communication (IPC) frameworks.

Collaborate: Partner directly with quantitative researchers to implement, backtest, and deploy new trading strategies, providing critical feedback on performance and feasibility.

Hardware Acceleration: Explore and implement solutions using cutting-edge hardware, including FPGAs and specialized networking gear, to gain a competitive edge.

Enhance Tooling: Create and improve internal tools for performance analysis, simulation, and production monitoring to ensure the stability and reliability of our systems.

Production Support: Be part of a team that ensures our trading systems run flawlessly 24/7. While we strive for perfect automation, you will be a key resource for troubleshooting and resolving complex production issues.

Required Qualifications

Bachelor's, Master's, or Ph.D. in Computer Science, Engineering, Mathematics, or a related technical field from a top-tier university.

Exceptional proficiency in modern C++ (C++17/20). You should have a deep understanding of templates, RAII, memory management, and high-performance, concurrent programming.

A profound understanding of computer science fundamentals: data structures, algorithms, operating systems (especially Linux), and computer architecture (CPU caches, memory hierarchy).

Demonstrable experience with low-level systems programming and performance optimization.

Strong knowledge of networking protocols (TCP/IP, UDP) and multicast.

Excellent problem-solving and analytical skills, with a provable passion for tackling intellectually challenging problems.

A motivated, self-starter attitude with the ability to work independently and collaboratively in a fast-paced, team-oriented environment.

Strong communication skills and the ability to articulate complex technical concepts to non-technical stakeholders.

Preferred (Nice-to-Have) Qualifications

Experience in a quantitative trading or high-frequency trading (HFT) environment.

Familiarity with financial markets and different asset classes (equities, futures, options).

Proficiency in Python for data analysis, scripting, and tooling.

Experience with low-latency programming techniques (e.g., kernel bypassing, busy-waiting, lock-free data structures).

Knowledge of network-level optimization and protocols (e.g., PTP, kernel networking stack).

Experience with hardware description languages (Verilog, VHDL) or FPGA development.

Why Work With Us?

Impact: Your code will be a primary driver of the firm's success. The feedback loop is immediate, and you will see the results of your work in real-time.

Culture: We are a small, collaborative team of brilliant minds. We have no silos and no bureaucracy. You will learn from the best in the industry and be challenged to grow every day.

Technology: Work on the absolute cutting edge of technology. We invest heavily in our infrastructure and are always exploring new tools and techniques to stay ahead.

Compensation: We offer an extremely competitive compensation package, including a significant performance-based bonus, that is designed to attract and retain top-tier talent.

Perks: Enjoy a relaxed and engaging work environment with perks like catered meals, a fully-stocked kitchen, casual dress, and company-sponsored events.

Growth: We are committed to the professional development of our team members. You will have the opportunity to take on massive responsibility and guide the technical direction of the firm.

Headlands Technologies LLC is an equal opportunity employer.","Junior","Chicago, IL / New York, NY / Austin, TX /"
"Software Engineer - New Grad",Applied Intuition,"React, GraphQL, SQLAlchemy, Docker, or Kubernetes","About the job
Meet our software engineers!
Meet some of our new grads from Classes of 2021 and 2022 – and hear more about why they chose to start their careers at Applied Intuition. Learn about their personal experiences ramping up, what their day-to-day looks like, and their advice for potential candidates.

About the role
We are looking for bright engineers interested in designing elegant solutions to difficult problems in the autonomy space. Our software engineers work across our suite of products, tackling a variety of full-stack, infrastructure, robotics, and graphics challenges. At Applied Intuition, we encourage engineers to take ownership over technical and product decisions, interact closely with users to collect feedback, and contribute to a thoughtful, dynamic team culture.

At Applied Intuition, you will:
Work across our entire stack to develop new products, features, and tools for our customers' autonomy development workflows
Have an unparalleled opportunity to work with domain experts across a variety of fields: infrastructure, robotics, and graphics engineers, as well as startup veterans
Carve out your own area of expertise and influence product decisions
Collaborate with other members in the autonomy ecosystem and learn about different approaches to solving core issues in autonomy
We're looking for someone who has:
Proven ability as a self-starter and can quickly become comfortable with new technical tools
Designed efficient and effective solutions to a wide range of engineering challenges
Experience taking initiative in a fast-paced environment
Nice to have:
Working knowledge of frontend, API layer, database ORM, containerization, or cluster orchestration frameworks (such as React, GraphQL, SQLAlchemy, Docker, or Kubernetes)
Experience working with simulation tools, modeling physical problems, or using robotics middleware (such as ROS)
Compensation at Applied Intuition for eligible roles includes base salary, equity, and benefits. Base salary is a single component of the total compensation package, which may also include equity in the form of options and/or restricted stock units, comprehensive health, dental, vision, life and disability insurance coverage, 401k retirement benefits with employer match, learning and wellness stipends, and paid time off. Note that benefits are subject to change and may vary based on jurisdiction of employment.

Applied Intuition pay ranges reflect the minimum and maximum intended target base salary for new hire salaries for the position. The actual base salary offered to a successful candidate will additionally be influenced by a variety of factors including experience, credentials & certifications, educational attainment, skill level requirements, interview performance, and the level and scope of the position.

Please reference the job posting’s subtitle for where this position will be located. For pay transparency purposes, the base salary range for this full-time position in the location listed is $130,000 USD annually.", "Entry-level","Sunnyvale, CA"